instance,python_workers,python_repetitions,cpp_repetitions,complete,throughput_ratio,cost_gap_percent,python_feasible,cpp_feasible
100_10_v2.txt,1,5,5,True,0.0034899510252371386,51.53924308961622,True,True
100_5_v2.txt,1,5,5,True,0.003042620028312979,58.681227350413096,True,True
200_10_v2.txt,1,5,5,True,0.003599101253500118,32.437020938356525,True,True
200_5_v2.txt,1,5,5,True,0.0029750742650948786,36.59418210783732,True,True
300_10_v2.txt,1,5,5,True,0.007677363806003237,11.487253328015735,True,True
300_5_v2.txt,1,5,5,True,0.0033390179522020396,10.254804958311437,True,True
400_10_v2.txt,1,5,5,True,0.010999561355023555,12.039143562914505,True,True
400_5_v2.txt,1,5,5,True,0.006416139027088986,8.159002177068068,True,True
500_10_v2.txt,1,5,5,True,0.012246536200776141,6.007265837390686,True,True
500_5_v2.txt,1,5,5,True,0.00890346684891522,7.360611299467804,True,True
100_10_v2.txt,2,5,5,True,0.006455923052400696,55.06084223649741,True,True
100_5_v2.txt,2,5,5,True,0.005679308109863435,49.50872631121825,True,True
200_10_v2.txt,2,5,5,True,0.006912731675916269,28.09552907003882,True,True
200_5_v2.txt,2,5,5,True,0.005678742790515871,35.88036312873271,True,True
300_10_v2.txt,2,5,5,True,0.01492484529952957,9.051999552031717,True,True
300_5_v2.txt,2,5,5,True,0.006485741184539112,9.971677902670587,True,True
400_10_v2.txt,2,5,5,True,0.021442100758305587,7.771769510465115,True,True
400_5_v2.txt,2,5,5,True,0.012670806655734657,7.878836793605047,True,True
500_10_v2.txt,2,5,5,True,0.02411551143236889,5.81562842013447,True,True
500_5_v2.txt,2,5,5,True,0.017959869477739577,7.168728888121037,True,True
100_10_v2.txt,4,5,5,True,0.011527911191177397,46.87402143495225,True,True
100_5_v2.txt,4,5,5,True,0.009938713005514027,50.32143526517746,True,True
200_10_v2.txt,4,5,5,True,0.012418229273569358,25.69131780846142,True,True
200_5_v2.txt,4,5,5,True,0.010297504522550929,30.811312222159557,True,True
300_10_v2.txt,4,5,5,True,0.02767816938568428,7.272369609448658,True,True
300_5_v2.txt,4,5,5,True,0.012086427599946017,7.454012969070178,True,True
400_10_v2.txt,4,5,5,True,0.043392191996078036,7.247618432334453,True,True
400_5_v2.txt,4,5,5,True,0.02505910273311158,6.448767595066606,True,True
500_10_v2.txt,4,5,5,True,0.048236039405511834,5.368886315504,True,True
500_5_v2.txt,4,5,5,True,0.03567285393622766,6.230368332937326,True,True
100_10_v2.txt,6,5,5,True,0.015739913399843628,51.05044141511115,True,True
100_5_v2.txt,6,5,5,True,0.013643734680101065,52.36586211008029,True,True
200_10_v2.txt,6,5,5,True,0.017321810306321177,27.86830116656344,True,True
200_5_v2.txt,6,5,5,True,0.013999684675995066,32.896407224737224,True,True
300_10_v2.txt,6,5,5,True,0.038036916932953184,6.483046235651397,True,True
300_5_v2.txt,6,5,5,True,0.01654558393689419,7.084532617596867,True,True
400_10_v2.txt,6,5,5,True,0.06441317612098452,6.783774443007143,True,True
400_5_v2.txt,6,5,5,True,0.03747054930083854,3.737224009464354,True,True
500_10_v2.txt,6,5,5,True,0.0719239206355546,4.507330901972685,True,True
500_5_v2.txt,6,5,5,True,0.05327415919290916,6.201721075206684,True,True
100_10_v2.txt,8,5,5,True,0.018623033109466718,47.129760477120676,True,True
100_5_v2.txt,8,5,5,True,0.0165967011673031,49.95271199111739,True,True
200_10_v2.txt,8,5,5,True,0.01983241750642747,27.473044389221485,True,True
200_5_v2.txt,8,5,5,True,0.015781122110031614,29.2174332844946,True,True
300_10_v2.txt,8,5,5,True,0.04635425468529967,5.85147236459069,True,True
300_5_v2.txt,8,5,5,True,0.01986461737949074,6.386278133908461,True,True
400_10_v2.txt,8,5,5,True,0.08189597288823729,6.783774443007143,True,True
400_5_v2.txt,8,5,5,True,0.047481559762611966,3.5334493455293985,True,True
500_10_v2.txt,8,5,5,True,0.09075151657831564,2.577576587125098,True,True
500_5_v2.txt,8,5,5,True,0.06788438636108175,5.808214133402114,True,True
