language,instance,workers,budget_s,elapsed_s,initialization_s,evaluations,evals_per_s,best_cost,time_to_best_s,feasible,penalty,setup_cost,seed,repetition
cpp,100_10_v2.txt,1,120,120.00024080000003,0.005268200000500656,2661164,22176.32216618018,256.07027572940297,116.73915340000076,True,0.0,256.070275729403,20271017,1
cpp,100_10_v2.txt,1,120,120.00021109999943,0.000938900004257448,2750573,22921.401344101578,270.5642759989011,118.15297180000198,True,0.0,270.5642759989011,30271017,2
cpp,100_10_v2.txt,1,120,120.00036569999793,0.0010344999973312952,2706244,22551.964606221583,297.4403811451397,116.04899819999991,True,0.0,297.4403811451398,40271017,3
cpp,100_10_v2.txt,1,120,120.00023830000282,0.000981800003501121,2746627,22888.512880560967,290.20323630090945,118.69696040000417,True,0.0,290.20323630090945,50271017,4
cpp,100_10_v2.txt,1,120,120.00022620000527,0.0010360000014770776,2729773,22748.065453228955,303.7540159280124,19.330703899999207,True,0.0,303.7540159280125,60271017,5
cpp,100_10_v2.txt,2,120,120.00030950000018,0.0009775000007721246,5241260,43677.05401626478,276.7981484860974,78.89107130000048,True,0.0,276.7981484860974,20271017,1
cpp,100_10_v2.txt,2,120,120.00033429999894,0.0009433999948669225,5256647,43805.269632486736,260.66018819566943,43.13293390000035,True,0.0,260.66018819566943,30271017,2
cpp,100_10_v2.txt,2,120,120.00033519999852,0.0010859999965759926,5171867,43098.77127743277,245.3058826905106,93.42030610000074,True,0.0,245.3058826905106,40271017,3
cpp,100_10_v2.txt,2,120,120.00030479999987,0.0009471000012126751,5249625,43746.763883219784,276.20614161861647,58.79744939999364,True,0.0,276.20614161861647,50271017,4
cpp,100_10_v2.txt,2,120,120.00028259999817,0.0009080000018002465,5265525,43879.2716643159,255.1936782080573,119.33727749999525,True,0.0,255.19367820805735,60271017,5
cpp,100_10_v2.txt,4,120,120.00053690000004,0.0010532999995120917,10167327,84727.34591573312,239.00385449845967,85.56699219999973,True,0.0,239.00385449845973,20271017,1
cpp,100_10_v2.txt,4,120,120.00043890000234,0.000967800006037578,10096853,84140.1339241252,259.04926643955275,91.79557950000162,True,0.0,259.04926643955275,30271017,2
cpp,100_10_v2.txt,4,120,120.00064280000515,0.000946600004681386,10029607,83579.6106252155,215.66258147664757,117.73413699999946,True,0.0,215.66258147664766,40271017,3
cpp,100_10_v2.txt,4,120,120.00059160000092,0.0009426999968127348,10127444,84394.95059955957,305.40275773089354,22.44755659999646,True,0.0,305.4027577308937,50271017,4
cpp,100_10_v2.txt,4,120,120.00052190000133,0.0009623999940231442,10048719,83738.96080530203,303.67724437967723,65.29388489999837,True,0.0,303.6772443796773,60271017,5
cpp,100_10_v2.txt,6,120,120.00066700000025,0.0009557000003042049,14661292,122176.75423420746,296.29468864474666,101.08080400000017,True,0.0,296.29468864474666,20271017,1
cpp,100_10_v2.txt,6,120,120.00064249999559,0.0009372999993502162,14591698,121596.83228363161,256.6371159319929,19.204416399996262,True,0.0,256.637115931993,30271017,2
cpp,100_10_v2.txt,6,120,120.00058669999999,0.0009588999964762479,14616255,121801.52949202208,277.835175745614,114.73682790000021,True,0.0,277.8351757456141,40271017,3
cpp,100_10_v2.txt,6,120,120.00056139999651,0.0009649999992689118,14590382,121585.94784707752,262.4387596887572,107.30435629999556,True,0.0,262.43875968875733,50271017,4
cpp,100_10_v2.txt,6,120,120.00064669999847,0.0009502999964752235,14597435,121644.63610345015,286.77565054651507,83.37932079999882,True,0.0,286.7756505465152,60271017,5
cpp,100_10_v2.txt,8,120,120.00209990000076,0.0009883000002446352,17742748,147853.64601773847,267.39691440823105,117.8344861000005,True,0.0,267.39691440823105,20271017,1
cpp,100_10_v2.txt,8,120,120.00328440000158,0.0009109999955398962,18356776,152968.94657326362,265.6207067773587,80.79741519999516,True,0.0,265.6207067773589,30271017,2
cpp,100_10_v2.txt,8,120,120.02180490000319,0.0009415000022272579,18113412,150917.6771261796,208.5881281452713,77.25318930000503,True,0.0,208.5881281452713,40271017,3
cpp,100_10_v2.txt,8,120,120.00087850000273,0.0009205999958794564,18333380,152777.04821135607,214.09636119149053,84.6618213000038,True,0.0,214.09636119149053,50271017,4
cpp,100_10_v2.txt,8,120,120.00096530000155,0.0009789999967324547,18316433,152635.71383954328,268.70410323655,88.22533149999799,True,0.0,268.70410323655,60271017,5
cpp,100_5_v2.txt,1,120,120.0001884000003,0.07232699999985925,3237163,26976.315980517178,308.02353392428455,77.42201260000002,True,0.0,308.02353392428466,20271012,1
cpp,100_5_v2.txt,1,120,120.00019769999926,0.0012903000024380162,3298829,27490.196376568307,311.66148763560244,53.308301799996116,True,0.0,311.66148763560244,30271012,2
cpp,100_5_v2.txt,1,120,120.0002026000002,0.0008431000023847446,3267205,27226.66236565166,299.145699668317,111.01932699999452,True,0.0,299.145699668317,40271012,3
cpp,100_5_v2.txt,1,120,120.00021269999706,0.0007766999988234602,3259078,27158.935194121364,315.200074969409,41.544918299994606,True,0.0,315.200074969409,50271012,4
cpp,100_5_v2.txt,1,120,120.00019849999808,0.0008256000000983477,3259205,27159.99673950583,292.2768842810296,82.82391880000068,True,0.0,292.27688428102965,60271012,5
cpp,100_5_v2.txt,2,120,120.00031130000025,0.0007785000007061171,6338937,52824.33796486315,294.8012261330985,76.68732780000028,True,0.0,294.8012261330985,20271012,1
cpp,100_5_v2.txt,2,120,120.00023669999791,0.0007738999993307516,6388757,53239.53665168155,345.56050313784635,35.13542579999921,True,0.0,345.56050313784635,30271012,2
cpp,100_5_v2.txt,2,120,120.00025630000164,0.00077449999662349,6385684,53213.919677269165,288.2219538358139,102.45947349999915,True,0.0,288.22195383581396,40271012,3
cpp,100_5_v2.txt,2,120,120.00034569999843,0.0007865000006859191,6362286,53018.897261394166,274.23698386196264,49.83436399999482,True,0.0,274.23698386196264,50271012,4
cpp,100_5_v2.txt,2,120,120.00035470000148,0.00074559999484336,6406621,53388.35052626658,294.64062917821104,101.18448409999837,True,0.0,294.64062917821104,60271012,5
cpp,100_5_v2.txt,4,120,120.0005143999997,0.000768400000197289,12542805,104522.92694505342,343.02514295893985,112.2614037000003,True,0.0,343.0251429589401,20271012,1
cpp,100_5_v2.txt,4,120,120.00059619999956,0.0007697999972151592,12459270,103826.73415417619,302.0007346432822,106.51661599999352,True,0.0,302.0007346432822,30271012,2
cpp,100_5_v2.txt,4,120,120.00040500000614,0.0007681999995838851,12400066,103333.53458264883,296.2904097330259,42.99809000000096,True,0.0,296.290409733026,40271012,3
cpp,100_5_v2.txt,4,120,120.0005053000059,0.0007658000031369738,12477621,103979.73715865167,280.03528019296135,34.88209910000296,True,0.0,280.03528019296147,50271012,4
cpp,100_5_v2.txt,4,120,120.00046350000048,0.0007811000032234006,12490989,104091.17294784407,286.4108387424232,117.39635859999544,True,0.0,286.4108387424231,60271012,5
cpp,100_5_v2.txt,6,120,120.00073190000057,0.0007631999997101957,18276320,152301.73775298375,294.1792889887352,90.9895447000008,True,0.0,294.1792889887352,20271012,1
cpp,100_5_v2.txt,6,120,120.00065190000169,0.0007469999982276931,18246723,152055.19896012952,334.27809115506307,47.199970399997255,True,0.0,334.27809115506307,30271012,2
cpp,100_5_v2.txt,6,120,120.00054219999583,0.0007447000025422312,18160318,151335.29955001012,252.99992824637167,108.24089219999587,True,0.0,252.99992824637178,40271012,3
cpp,100_5_v2.txt,6,120,120.00057489999745,0.0007657000023755245,18336809,152806.0095985456,270.55133236051375,67.15106409999862,True,0.0,270.55133236051387,50271012,4
cpp,100_5_v2.txt,6,120,120.00063960000261,0.0008011999962036498,18343710,152863.43523788685,249.76600657791744,94.53708750000078,True,0.0,249.76600657791755,60271012,5
cpp,100_5_v2.txt,8,120,120.00106869999945,0.0008213999999497901,22918175,190983.09080309136,316.99466418565595,92.23156359999939,True,0.0,316.99466418565595,20271012,1
cpp,100_5_v2.txt,8,120,120.00567359999695,0.000898600002983585,23418373,195143.88193060062,295.42055641184515,47.85412340000039,True,0.0,295.42055641184515,30271012,2
cpp,100_5_v2.txt,8,120,120.00085300000501,0.0007538999998359941,23049045,192074.00967390655,308.92669558015905,44.331042000005255,True,0.0,308.92669558015905,40271012,3
cpp,100_5_v2.txt,8,120,120.00138989999687,0.0007419000030495226,23549007,196239.45205655167,268.84920322959056,91.46984669999802,True,0.0,268.84920322959067,50271012,4
cpp,100_5_v2.txt,8,120,120.0115752999991,0.0007449000040651299,23869625,198894.3561513285,285.8468260727457,58.47512210000423,True,0.0,285.8468260727457,60271012,5
cpp,200_10_v2.txt,1,120,120.00049910000052,0.004139399999985471,688170,5734.726148318136,589.6301774289029,119.92399860000114,True,0.0,589.6301774289029,20281017,1
cpp,200_10_v2.txt,1,120,120.00032069999725,0.003803499996138271,743120,6192.650116809372,665.4950647398231,119.27718209999875,True,0.0,665.4950647398231,30281017,2
cpp,200_10_v2.txt,1,120,120.00039249999827,0.003692600002977997,713698,5947.463880170311,539.9687964551321,119.86698210000031,True,0.0,539.9687964551322,40281017,3
cpp,200_10_v2.txt,1,120,120.0004786999998,0.00440810000145575,718990,5991.5594320041755,632.4478185371889,119.99127159999625,True,0.0,632.4478185371889,50281017,4
cpp,200_10_v2.txt,1,120,120.00034190000588,0.004247099997883197,754114,6284.265428413442,455.68686976575793,98.02373230000376,True,0.0,455.68686976575793,60281017,5
cpp,200_10_v2.txt,2,120,120.00047249999989,0.0034267999999428866,1514753,12622.89196402957,428.6933004722493,114.87826929999937,True,0.0,428.69330047224946,20281017,1
cpp,200_10_v2.txt,2,120,120.0004426000014,0.003606400001444854,1437204,11976.655826100954,577.5716297368587,119.8771310000011,True,0.0,577.5716297368587,30281017,2
cpp,200_10_v2.txt,2,120,120.00068239999382,0.0040033000041148625,1410260,11752.099836392868,461.16615738865073,116.61466479999945,True,0.0,461.16615738865073,40281017,3
cpp,200_10_v2.txt,2,120,120.00046909999946,0.003802200000791345,1472730,12272.702023962393,515.3487553104969,119.54517779999878,True,0.0,515.3487553104969,50281017,4
cpp,200_10_v2.txt,2,120,120.0004936999976,0.0039326999976765364,1431872,11932.217575535096,499.92665554370416,119.73294859999442,True,0.0,499.92665554370416,60281017,5
cpp,200_10_v2.txt,4,120,120.00059870000041,0.0035213999999541556,2917012,24308.312055113023,469.8918487902396,117.6723075000009,True,0.0,469.8918487902397,20281017,1
cpp,200_10_v2.txt,4,120,120.00058580000041,0.004009500000393018,2732558,22771.205505231716,480.41601736637904,114.84172390000458,True,0.0,480.41601736637904,30281017,2
cpp,200_10_v2.txt,4,120,120.00098749999597,0.003682800001115538,2837542,23645.988746551735,551.0742372371916,119.81837139999698,True,0.0,551.0742372371916,40281017,3
cpp,200_10_v2.txt,4,120,120.00072969999746,0.0038700000004610047,2777293,23143.967598724183,472.59154521514284,118.49909900000057,True,0.0,472.59154521514284,50281017,4
cpp,200_10_v2.txt,4,120,120.00058770000032,0.003580500000680331,2850839,23756.875317369737,471.2903491606908,118.70657899999787,True,0.0,471.2903491606908,60281017,5
cpp,200_10_v2.txt,6,120,120.00117789999967,0.0038010999996913597,4007967,33399.39715708416,457.13853308230483,119.50809449999906,True,0.0,457.13853308230483,20281017,1
cpp,200_10_v2.txt,6,120,120.00076669999544,0.0036330000002635643,4039983,33666.30990033627,481.9248060046804,119.8796313999992,True,0.0,481.9248060046804,30281017,2
cpp,200_10_v2.txt,6,120,120.00087699999858,0.003651999999419786,3950486,32920.47607285442,486.8678659244919,119.53793629999564,True,0.0,486.8678659244919,40281017,3
cpp,200_10_v2.txt,6,120,120.0011383999954,0.004659099999116734,4032229,33601.58956625494,427.6023544148754,119.91216659999918,True,0.0,427.6023544148755,50281017,4
cpp,200_10_v2.txt,6,120,120.00063009999576,0.0035184000007575378,4032193,33601.43189781586,438.5194566971299,94.2396246999997,True,0.0,438.5194566971299,60281017,5
cpp,200_10_v2.txt,8,120,120.00549490000049,0.0033831000000645872,5111736,42595.84950055466,418.5834841965867,115.47298989999945,True,0.0,418.5834841965867,20281017,1
cpp,200_10_v2.txt,8,120,120.00102799999877,0.005140100001881365,4956182,41301.16285337198,431.21351377329916,104.86425539999618,True,0.0,431.21351377329916,30281017,2
cpp,200_10_v2.txt,8,120,120.00106110000343,0.004305399997974746,4969231,41409.89216636067,457.6258046240018,106.47453090000636,True,0.0,457.6258046240018,40281017,3
cpp,200_10_v2.txt,8,120,120.02416829999856,0.003916499998013023,5081416,42336.606634916054,487.310675013868,116.05354919999809,True,0.0,487.310675013868,50281017,4
cpp,200_10_v2.txt,8,120,120.00108709999768,0.0034927000015159138,5031549,41929.19515643369,455.1967703812365,118.34166069999628,True,0.0,455.1967703812365,60281017,5
cpp,200_5_v2.txt,1,120,120.00035509999998,0.00303520000034041,933361,7777.985316978451,561.1289420508184,118.88146340000003,True,0.0,561.1289420508184,20281012,1
cpp,200_5_v2.txt,1,120,120.00042679999751,0.0028585000036400743,951674,7930.588460207207,584.9062235499135,119.82620419999876,True,0.0,584.9062235499134,30281012,2
cpp,200_5_v2.txt,1,120,120.00056420000328,0.002913000003900379,945749,7881.204611869434,721.4876570628849,86.82786230000056,True,0.0,721.4876570628849,40281012,3
cpp,200_5_v2.txt,1,120,120.00031930000114,0.0027889000048162416,913926,7616.029735014141,567.9161233228161,82.06169860000227,True,0.0,567.9161233228161,50281012,4
cpp,200_5_v2.txt,1,120,120.00037109999539,0.0032122999982675537,950335,7919.43384248448,566.0578520144801,113.2253411999991,True,0.0,566.0578520144801,60281012,5
cpp,200_5_v2.txt,2,120,120.06574900000032,0.002805300000545685,1805180,15034.928903829144,524.8939774062093,119.73074050000014,True,0.0,524.8939774062094,20281012,1
cpp,200_5_v2.txt,2,120,120.00040420000005,0.0028285000007599592,1808468,15070.51590414559,486.25934624619885,118.9283104999995,True,0.0,486.25934624619873,30281012,2
cpp,200_5_v2.txt,2,120,120.00039280000055,0.0026698000001488253,1790948,14924.517813744955,511.2531922424829,118.56260610000027,True,0.0,511.2531922424829,40281012,3
cpp,200_5_v2.txt,2,120,120.00042969999777,0.002896399993915111,1811674,15097.229272671793,471.51226874144044,95.58025649999763,True,0.0,471.51226874144044,50281012,4
cpp,200_5_v2.txt,2,120,120.00039090000064,0.0026551000046310946,1807470,15062.200934880375,535.8620973682896,116.63497060000373,True,0.0,535.8620973682898,60281012,5
cpp,200_5_v2.txt,4,120,120.00050629999987,0.0026414000003569527,3451908,28765.778632385685,484.944601214943,106.82654880000064,True,0.0,484.944601214943,20281012,1
cpp,200_5_v2.txt,4,120,120.00059710000642,0.002783700001600664,3453385,28778.06513847601,506.1778125061116,119.87195500000234,True,0.0,506.1778125061116,30281012,2
cpp,200_5_v2.txt,4,120,120.00138489999517,0.0027805999998236075,3416027,28466.563138807054,546.510633224727,107.26859169999807,True,0.0,546.510633224727,40281012,3
cpp,200_5_v2.txt,4,120,120.00060949999897,0.0029159999976400286,3411076,28425.48895553759,491.1905594820721,91.24392159999843,True,0.0,491.19055948207233,50281012,4
cpp,200_5_v2.txt,4,120,120.00055859999702,0.002792599996610079,3424093,28533.975507678053,530.2641990643482,118.8883593999999,True,0.0,530.2641990643482,60281012,5
cpp,200_5_v2.txt,6,120,120.00066999999945,0.002926600000137114,4971124,41425.80203927214,509.8056401889454,113.47515960000055,True,0.0,509.80564018894563,20281012,1
cpp,200_5_v2.txt,6,120,120.0006355000005,0.0027126999993924983,4925213,41043.224308591096,502.6204559059897,119.8748443000004,True,0.0,502.6204559059897,30281012,2
cpp,200_5_v2.txt,6,120,120.00079689999984,0.002640499995322898,4941063,41175.25156201697,526.501966380026,119.21283080000285,True,0.0,526.5019663800261,40281012,3
cpp,200_5_v2.txt,6,120,120.00063719999889,0.002887999995436985,4913558,40946.09924288007,504.23300244725505,119.19199230000231,True,0.0,504.2330024472553,50281012,4
cpp,200_5_v2.txt,6,120,120.00177320000512,0.002894000004744157,4948631,41237.98230674636,537.361573011914,114.48601040000358,True,0.0,537.3615730119138,60281012,5
cpp,200_5_v2.txt,8,120,120.0009628000007,0.0028244000004633563,6044429,50369.8375326699,480.57873116188966,117.99951440000041,True,0.0,480.57873116188966,20281012,1
cpp,200_5_v2.txt,8,120,120.00094349999563,0.0025954000011552125,6184069,51533.50315116668,505.4991502860609,116.60613439999725,True,0.0,505.49915028606114,30281012,2
cpp,200_5_v2.txt,8,120,120.0008011999962,0.0025928000031854026,6173531,51445.74818055628,518.6232275054916,119.73747960000037,True,0.0,518.6232275054917,40281012,3
cpp,200_5_v2.txt,8,120,120.00083260000247,0.003092899998591747,6054295,50452.10827978768,561.889092398256,114.48664199999621,True,0.0,561.8890923982563,50281012,4
cpp,200_5_v2.txt,8,120,120.00090829999681,0.0026218999992124736,6164420,51369.77784025793,506.8222121622034,119.84633079999912,True,0.0,506.8222121622034,60281012,5
cpp,300_10_v2.txt,1,120,120.00048880000031,0.016712599999664235,148114,1234.2783057063648,890.5166006452704,15.87308000000121,True,0.0,890.5166006452704,20291017,1
cpp,300_10_v2.txt,1,120,120.00087910000002,0.018739000006462447,150486,1254.0408131060099,937.8013975685036,41.70078089999879,True,0.0,937.8013975685036,30291017,2
cpp,300_10_v2.txt,1,120,120.00105410000106,0.0162759000013466,152246,1268.7055221458982,900.1927569998509,27.622771600006672,True,0.0,900.1927569998509,40291017,3
cpp,300_10_v2.txt,1,120,120.0005458999949,0.016594400003668852,149465,1245.5360005158639,935.6157041898676,25.327916899994307,True,0.0,935.6157041898676,50291017,4
cpp,300_10_v2.txt,1,120,120.00093930000003,0.01702639999712119,153223,1276.848338802961,889.3439613145306,3.1217794999975013,True,0.0,889.3439613145307,60291017,5
cpp,300_10_v2.txt,2,120,120.00111690000085,0.01644540000052075,288007,2400.035994998293,926.633856914209,12.18927690000055,True,0.0,926.6338569142091,20291017,1
cpp,300_10_v2.txt,2,120,120.00166889999673,0.01717369999823859,275840,2298.6346984046613,882.4882117445234,10.33137859999988,True,0.0,882.4882117445234,30291017,2
cpp,300_10_v2.txt,2,120,120.00166969999555,0.016257600000244565,290746,2422.849621399983,868.6065092062324,96.99921950000135,True,0.0,868.6065092062324,40291017,3
cpp,300_10_v2.txt,2,120,120.00151809999807,0.016731999996409286,286326,2386.0198148610307,901.2832302022804,85.20880019999458,True,0.0,901.2832302022804,50291017,4
cpp,300_10_v2.txt,2,120,120.00145319999865,0.022858799995447043,293826,2448.520348418608,902.7282167928917,31.7742769999968,True,0.0,902.7282167928919,60291017,5
cpp,300_10_v2.txt,4,120,120.00122510000074,0.016961699999228586,509489,4245.698321624859,869.8125401523749,11.93926939999983,True,0.0,869.8125401523749,20291017,1
cpp,300_10_v2.txt,4,120,120.00135840000439,0.01656580000417307,516808,4306.6845816637115,846.419453191432,45.21306020000338,True,0.0,846.419453191432,30291017,2
cpp,300_10_v2.txt,4,120,120.00211670000135,0.01648869999917224,520718,4339.240126086827,897.964266281039,68.95809390000068,True,0.0,897.964266281039,40291017,3
cpp,300_10_v2.txt,4,120,120.0018246000036,0.016381699999328703,518042,4316.951027426165,911.51290140299,117.94411910000053,True,0.0,911.51290140299,50291017,4
cpp,300_10_v2.txt,4,120,120.00186690000555,0.016697799997928087,521793,4348.207352763909,855.5088504815652,92.03135550000297,True,0.0,855.5088504815652,60291017,5
cpp,300_10_v2.txt,6,120,120.00150360000043,0.016869199998836848,668680,5572.263512871497,866.7777657949225,96.92217619999974,True,0.0,866.7777657949225,20291017,1
cpp,300_10_v2.txt,6,120,120.00275360000524,0.01677200000267476,631018,5258.36267143767,855.8279824694657,114.34615950000443,True,0.0,855.8279824694657,30291017,2
cpp,300_10_v2.txt,6,120,120.00206369999796,0.016756600001826882,662266,5518.788423969506,863.3515462423994,20.79594950000319,True,0.0,863.3515462423994,40291017,3
cpp,300_10_v2.txt,6,120,120.00223569999798,0.016124600006151013,635248,5293.63470850744,892.8914352397591,109.65796039999987,True,0.0,892.8914352397591,50291017,4
cpp,300_10_v2.txt,6,120,120.00229810000019,0.016603000003669877,684664,5705.424069707869,863.8861505962759,25.34912710000208,True,0.0,863.8861505962759,60291017,5
cpp,300_10_v2.txt,8,120,120.00231199999871,0.01685170000018843,743985,6199.755551376444,884.4859206214726,65.75132489999851,True,0.0,884.4859206214726,20291017,1
cpp,300_10_v2.txt,8,120,120.00503229999595,0.016357599997718353,745585,6212.947788190589,874.6807615803347,57.019345499997144,True,0.0,874.6807615803347,30291017,2
cpp,300_10_v2.txt,8,120,120.00566869999602,0.016550599997572135,761830,6348.283445713804,841.7230284991392,112.45351919999666,True,0.0,841.7230284991393,40291017,3
cpp,300_10_v2.txt,8,120,120.00333689999388,0.017380800003593322,700919,5840.829247807656,865.7545777447951,103.39607239999896,True,0.0,865.7545777447951,50291017,4
cpp,300_10_v2.txt,8,120,120.00379840000096,0.016341800001100637,741750,6181.054349026289,853.6040035116489,108.7246645999985,True,0.0,853.6040035116491,60291017,5
cpp,300_5_v2.txt,1,120,120.00052710000091,0.007380400000329246,363603,3030.0116906736257,962.117422619349,116.41057510000064,True,0.0,962.117422619349,20291012,1
cpp,300_5_v2.txt,1,120,120.00059979999787,0.008511399995768443,377534,3146.100941405517,926.1115380786254,89.40712899999926,True,0.0,926.1115380786254,30291012,2
cpp,300_5_v2.txt,1,120,120.00069190000067,0.007267499997396953,365243,3043.674117348968,954.0070436007254,108.44548360000044,True,0.0,954.0070436007255,40291012,3
cpp,300_5_v2.txt,1,120,120.0006674000033,0.008505399993737228,325751,2714.5765690965736,938.6235980047313,15.417945100001816,True,0.0,938.6235980047313,50291012,4
cpp,300_5_v2.txt,1,120,120.00080600000365,0.0071299999981420115,366367,3053.0378270958354,924.9230500089103,78.36919000000489,True,0.0,924.9230500089103,60291012,5
cpp,300_5_v2.txt,2,120,120.00056450000011,0.007040099999358063,758950,6324.553581579187,899.4784589723076,113.56006069999967,True,0.0,899.4784589723077,20291012,1
cpp,300_5_v2.txt,2,120,120.00905719999719,0.0076256000029388815,710507,5920.44481122727,925.3527498875085,4.549596899996686,True,0.0,925.3527498875085,30291012,2
cpp,300_5_v2.txt,2,120,120.0013254000005,0.007551200003945269,690268,5752.169800617862,942.9745830701647,46.89878129999852,True,0.0,942.9745830701647,40291012,3
cpp,300_5_v2.txt,2,120,120.00151050000568,0.0072098000018741,673897,5615.737645235458,936.6242506700356,98.82417189999978,True,0.0,936.6242506700356,50291012,4
cpp,300_5_v2.txt,2,120,120.00056150000455,0.007282600003236439,688678,5738.956479799254,931.2898956320664,46.07301520000328,True,0.0,931.2898956320664,60291012,5
cpp,300_5_v2.txt,4,120,120.00276529999974,0.007175900000220281,1411907,11765.620537746085,779.6108777730174,116.92790290000084,True,0.0,779.6108777730174,20291012,1
cpp,300_5_v2.txt,4,120,120.00257380000403,0.0071823000034783036,1392260,11601.917824865464,904.6053578065895,113.10600749999867,True,0.0,904.6053578065894,30291012,2
cpp,300_5_v2.txt,4,120,120.00203789999796,0.007492899996577762,1378417,11486.613261923809,912.8348572991629,85.42805819999921,True,0.0,912.8348572991626,40291012,3
cpp,300_5_v2.txt,4,120,120.00156600000628,0.008967300003860146,1315923,10965.881895240693,942.9257309738815,41.959949800002505,True,0.0,942.9257309738815,50291012,4
cpp,300_5_v2.txt,4,120,120.00262059999659,0.00738909999927273,1354589,11287.995155666113,882.4109777574705,117.36583860000246,True,0.0,882.4109777574705,60291012,5
cpp,300_5_v2.txt,6,120,120.0045011000002,0.007480299998860573,2068784,17239.220037889034,877.8399483879417,119.43686290000005,True,0.0,877.8399483879417,20291012,1
cpp,300_5_v2.txt,6,120,120.00092099999893,0.00688090000039665,2099516,17495.83238615326,740.2453387277657,119.91549110000051,True,0.0,740.2453387277657,30291012,2
cpp,300_5_v2.txt,6,120,120.00317340000038,0.007223100001283456,1902389,15852.822438777222,911.6486201759577,100.546471200003,True,0.0,911.6486201759576,40291012,3
cpp,300_5_v2.txt,6,120,120.00245390000055,0.007096000001183711,2103517,17528.949880915647,814.3417596029682,114.48750519999885,True,0.0,814.341759602968,50291012,4
cpp,300_5_v2.txt,6,120,120.00164910000603,0.007020199998805765,2060012,17166.530755616895,920.7413234295417,111.241649100004,True,0.0,920.7413234295415,60291012,5
cpp,300_5_v2.txt,8,120,120.00548519999938,0.007424000001265085,2568854,21406.138192090017,745.9227604480595,115.73246250000011,True,0.0,745.9227604480595,20291012,1
cpp,300_5_v2.txt,8,120,120.00492469999881,0.006776300004275981,2578265,21484.659954126244,888.3078360598523,105.12861980000162,True,0.0,888.3078360598523,30291012,2
cpp,300_5_v2.txt,8,120,120.01399249999668,0.008116499993775506,2286937,19055.586372564543,910.2766926838633,102.6048920999965,True,0.0,910.2766926838633,40291012,3
cpp,300_5_v2.txt,8,120,120.00472179999633,0.007732199999736622,2606141,21716.987139418372,872.7645940222684,102.2496783999959,True,0.0,872.7645940222685,50291012,4
cpp,300_5_v2.txt,8,120,120.00984649999737,0.007126199998310767,2528555,21069.5628212478,899.1424706804789,112.17868610000005,True,0.0,899.1424706804789,60291012,5
cpp,400_10_v2.txt,1,120,120.00148140000056,0.04140179999922111,60486,504.0437775795634,1128.4461170481404,52.732944999999745,True,0.0,1128.4461170481402,20301017,1
cpp,400_10_v2.txt,1,120,120.00066690000676,0.0396037000027718,60557,504.6388621361619,1107.713609309616,4.279545400000643,True,0.0,1107.7136093096162,30301017,2
cpp,400_10_v2.txt,1,120,120.00129449999804,0.03931280000688275,60965,508.03618622631603,1093.0531347888873,77.81954579999729,True,0.0,1093.0531347888873,40301017,3
cpp,400_10_v2.txt,1,120,120.00241859999369,0.039346400000795256,60847,507.04811377862677,1097.6974905038455,93.29528929999651,True,0.0,1097.6974905038455,50301017,4
cpp,400_10_v2.txt,1,120,120.00150990000111,0.041236599994590506,60983,508.1852724254717,1111.8942596383297,48.90208310000162,True,0.0,1111.8942596383295,60301017,5
cpp,400_10_v2.txt,2,120,120.00192539999989,0.03929020000032324,112933,941.0932334924028,1127.3231837214776,63.201057800000854,True,0.0,1127.3231837214776,20301017,1
cpp,400_10_v2.txt,2,120,120.00234900000214,0.0396619000021019,113083,942.3398870300279,1107.713609309616,4.592006800005038,True,0.0,1107.7136093096162,30301017,2
cpp,400_10_v2.txt,2,120,120.00143109999772,0.03946450000512414,113614,946.7720422877703,1108.2379227323622,109.13224379999883,True,0.0,1108.2379227323622,40301017,3
cpp,400_10_v2.txt,2,120,120.00162310000451,0.039477199999964796,113656,947.1205227389606,1127.5697029603382,33.24420640000608,True,0.0,1127.5697029603382,50301017,4
cpp,400_10_v2.txt,2,120,120.00139029999991,0.04143820000172127,113454,945.4390463007834,1111.6166967562478,61.97655089999898,True,0.0,1111.616696756248,60301017,5
cpp,400_10_v2.txt,4,120,120.00325419999899,0.03960890000053041,168110,1400.8786771717514,1097.0352844831539,117.3024977999994,True,0.0,1097.0352844831539,20301017,1
cpp,400_10_v2.txt,4,120,120.00306299999647,0.040164500001992565,163298,1360.7819327078744,1062.806520091907,42.40265979999822,True,0.0,1062.806520091907,30301017,2
cpp,400_10_v2.txt,4,120,120.00333360000513,0.039605700003448874,170113,1417.5689532677509,1095.071957979996,63.00845780000236,True,0.0,1095.0719579799957,40301017,3
cpp,400_10_v2.txt,4,120,120.00379519999842,0.0394291000047815,170210,1418.371808294295,1125.9555237137295,39.613010300003225,True,0.0,1125.9555237137297,50301017,4
cpp,400_10_v2.txt,4,120,120.00231869999698,0.04920789999596309,163311,1360.8987040348256,1092.9604938459809,67.58204699999624,True,0.0,1092.9604938459809,60301017,5
cpp,400_10_v2.txt,6,120,120.0048397999999,0.040442699999402976,173271,1443.8667664468658,1127.3256310234196,59.09411270000055,True,0.0,1127.3256310234196,20301017,1
cpp,400_10_v2.txt,6,120,120.00335869999981,0.04036820000328589,165521,1379.3030611234074,1087.1656270033689,22.224242200005392,True,0.0,1087.1656270033686,30301017,2
cpp,400_10_v2.txt,6,120,120.00450139999884,0.03999489999841899,177267,1477.169588906785,1109.0039806257112,91.34220609999466,True,0.0,1109.0039806257112,40301017,3
cpp,400_10_v2.txt,6,120,120.00350500000059,0.04015800000343006,175238,1460.2740144964862,1102.92549212434,92.4549410000036,True,0.0,1102.9254921243403,50301017,4
cpp,400_10_v2.txt,6,120,120.00462189999962,0.03946170000563143,177111,1475.8681557080974,1110.2123065656865,53.03991020000103,True,0.0,1110.2123065656865,60301017,5
cpp,400_10_v2.txt,8,120,120.00873739999952,0.03977650000160793,174463,1453.752483192117,1128.8330283808739,49.42309159999968,True,0.0,1128.8330283808737,20301017,1
cpp,400_10_v2.txt,8,120,120.005665699995,0.03966550000041025,169599,1413.2582741883582,1093.5246366796873,105.40665420000005,True,0.0,1093.5246366796873,30301017,2
cpp,400_10_v2.txt,8,120,120.0053418000025,0.03904369999509072,177299,1477.4258990527396,1118.5064017151717,70.19267679999757,True,0.0,1118.5064017151717,40301017,3
cpp,400_10_v2.txt,8,120,120.00543140000082,0.03980759999831207,176407,1469.9917990545118,1105.582522566881,91.9163888999974,True,0.0,1105.582522566881,50301017,4
cpp,400_10_v2.txt,8,120,120.00950450000528,0.04046000000380445,177959,1482.8742168499844,1047.331574166048,88.57494320000114,True,0.0,1047.331574166048,60301017,5
cpp,400_5_v2.txt,1,120,120.00087510000048,0.022660000000541913,109403,911.6850182036677,1134.2875968470464,99.33093010000084,True,0.0,1134.2875968470462,20301012,1
cpp,400_5_v2.txt,1,120,120.00175489999674,0.022202200001629535,109983,916.5115967816816,1155.3617911202052,36.02837489999365,True,0.0,1155.3617911202052,30301012,2
cpp,400_5_v2.txt,1,120,120.00153510000382,0.021674700001312885,110720,922.6548636042946,1158.356260544621,4.297148700003163,True,0.0,1158.3562605446214,40301012,3
cpp,400_5_v2.txt,1,120,120.00113760000386,0.022296200004348066,105702,880.8416496211332,1177.9013863522146,29.032875600001717,True,0.0,1177.9013863522146,50301012,4
cpp,400_5_v2.txt,1,120,120.00083050000103,0.022342399999615736,110816,923.4602755520017,1173.0844799556028,20.600527599999623,True,0.0,1173.084479955603,60301012,5
cpp,400_5_v2.txt,2,120,120.00155710000035,0.03570500000023458,212980,1774.810303690629,1152.3430551419501,3.225345200000447,True,0.0,1152.3430551419501,20301012,1
cpp,400_5_v2.txt,2,120,120.00193510000099,0.022964399999182206,213198,1776.6213505001906,1146.2771354726724,11.531369299998914,True,0.0,1146.2771354726726,30301012,2
cpp,400_5_v2.txt,2,120,120.00158100000408,0.0216325000001234,215295,1794.1013627144853,1158.356260544621,4.408342200003972,True,0.0,1158.3562605446214,40301012,3
cpp,400_5_v2.txt,2,120,120.00213680000161,0.022763100001611747,211750,1764.551912545587,1171.3155704477301,37.722655500001565,True,0.0,1171.3155704477301,50301012,4
cpp,400_5_v2.txt,2,120,120.00234460000502,0.021698600001400337,217658,1813.7812284043566,1155.754963135839,11.681844900005672,True,0.0,1155.754963135839,60301012,5
cpp,400_5_v2.txt,4,120,120.00358090000009,0.02238460000080522,399013,3325.009112290579,1152.3430551419501,3.0838105999991967,True,0.0,1152.3430551419501,20301012,1
cpp,400_5_v2.txt,4,120,120.00433850000263,0.02212340000551194,411584,3429.7426671785784,1159.8531938244946,60.323632100000395,True,0.0,1159.8531938244946,30301012,2
cpp,400_5_v2.txt,4,120,120.00242409999919,0.021821900001668837,418136,3484.3962789581915,1129.5775763882025,56.554362399998354,True,0.0,1129.5775763882025,40301012,3
cpp,400_5_v2.txt,4,120,120.00454429999809,0.03229270000156248,413920,3449.2027149009105,1149.8729578342204,51.59146950000286,True,0.0,1149.8729578342204,50301012,4
cpp,400_5_v2.txt,4,120,120.00407379999524,0.021938199999567587,405986,3383.1018159986506,1147.6810540150886,84.48019589999603,True,0.0,1147.6810540150886,60301012,5
cpp,400_5_v2.txt,6,120,120.0045854,0.022462900000391528,558434,4653.438851012438,1148.7305285563355,15.194654700000683,True,0.0,1148.7305285563357,20301012,1
cpp,400_5_v2.txt,6,120,120.00441839999985,0.021884800000407267,545750,4547.749218540445,1105.1821688916637,106.01259680000658,True,0.0,1105.1821688916637,30301012,2
cpp,400_5_v2.txt,6,120,120.00338660000125,0.021778800000902265,562891,4690.625956051094,1130.0757447298217,27.313621500004956,True,0.0,1130.0757447298217,40301012,3
cpp,400_5_v2.txt,6,120,120.00530950000393,0.021689100001822226,567741,4730.965674481106,1147.1314218158275,68.84162530000322,True,0.0,1147.1314218158275,50301012,4
cpp,400_5_v2.txt,6,120,120.00434300000052,0.022095699998317286,559528,4662.564587349956,1123.6285187434962,56.706851899994945,True,0.0,1123.6285187434964,60301012,5
cpp,400_5_v2.txt,8,120,120.0092568,0.022321099999317084,662752,5522.507327118119,1136.629159603259,5.782420400000774,True,0.0,1136.629159603259,20301012,1
cpp,400_5_v2.txt,8,120,120.00847620000422,0.02507290000357898,626799,5222.956076497353,1141.1864927899162,17.198293700006616,True,0.0,1141.186492789916,30301012,2
cpp,400_5_v2.txt,8,120,120.00975959999778,0.022131500001705717,674083,5616.901510733569,1106.6978024084601,115.9387893000021,True,0.0,1106.6978024084601,40301012,3
cpp,400_5_v2.txt,8,120,120.01351879999856,0.022516699995321687,691295,5760.142748185201,1104.2880270115934,79.21342169999843,True,0.0,1104.2880270115936,50301012,4
cpp,400_5_v2.txt,8,120,120.00518089999969,0.022286300001724157,667284,5560.459931776177,1124.731730362349,78.02887889999693,True,0.0,1124.731730362349,60301012,5
cpp,500_10_v2.txt,1,120,120.00155769999947,0.0693252000000939,34830,290.24623236203337,1347.6190847817875,28.53975829999945,True,0.0,1347.6190847817877,20311017,1
cpp,500_10_v2.txt,1,120,120.00037030000385,0.07031779999670107,34174,284.7824545421332,1305.405893291329,50.77089530000376,True,0.0,1305.405893291329,30311017,2
cpp,500_10_v2.txt,1,120,120.00319399999717,0.06904419999773381,34966,291.3755778867088,1331.7895250438312,1.0614752999972552,True,0.0,1331.7895250438312,40311017,3
cpp,500_10_v2.txt,1,120,120.00368919999892,0.07112960000085877,34732,289.42443546144176,1339.5974165195403,109.82334940000146,True,0.0,1339.59741651954,50311017,4
cpp,500_10_v2.txt,1,120,120.00271809999686,0.0687640999967698,34942,291.1767379375794,1306.0556425532607,57.034687100000156,True,0.0,1306.0556425532607,60311017,5
cpp,500_10_v2.txt,2,120,120.00339189999977,0.06914559999859193,62845,523.6935306992779,1295.5277418116925,30.50518269999884,True,0.0,1295.5277418116925,20311017,1
cpp,500_10_v2.txt,2,120,120.0020852000016,0.07047030000103405,62253,518.7659855763837,1290.9199298849471,56.04687470000499,True,0.0,1290.9199298849467,30311017,2
cpp,500_10_v2.txt,2,120,120.00428699999611,0.06868409999879077,63346,527.8644753749677,1316.1822292768893,51.12112250000064,True,0.0,1316.1822292768893,40311017,3
cpp,500_10_v2.txt,2,120,120.00411760000134,0.06887680000363616,63442,528.665193068336,1294.0120430278735,72.35899120000249,True,0.0,1294.0120430278732,50311017,4
cpp,500_10_v2.txt,2,120,120.0035718999934,0.06850320000376087,63196,526.6176581199203,1299.4780571739507,103.03080669999326,True,0.0,1299.4780571739507,60311017,5
cpp,500_10_v2.txt,4,120,120.0046360999986,0.0689249999995809,87337,727.7802161511743,1284.0067627425212,24.05894669999907,True,0.0,1284.0067627425212,20311017,1
cpp,500_10_v2.txt,4,120,120.00505700000213,0.06841119999444345,88721,739.3105108895405,1286.8061227680353,51.75063080000109,True,0.0,1286.8061227680353,30311017,2
cpp,500_10_v2.txt,4,120,120.0054811000009,0.06857149999996182,87534,729.4166832851382,1278.3618565344182,51.22727130000567,True,0.0,1278.3618565344177,40311017,3
cpp,500_10_v2.txt,4,120,120.00256939999963,0.06990699999732897,88959,741.3091273360708,1307.1553452311089,46.5711009000006,True,0.0,1307.1553452311086,50311017,4
cpp,500_10_v2.txt,4,120,120.00471680000192,0.06865580000157934,88708,739.2042776771804,1299.2184029983946,74.66850200000044,True,0.0,1299.2184029983948,60311017,5
cpp,500_10_v2.txt,6,120,120.00573409999924,0.0692360999983066,89426,745.1810588107603,1326.6008431317757,29.803120799999306,True,0.0,1326.6008431317757,20311017,1
cpp,500_10_v2.txt,6,120,120.00613310000335,0.06842960000358289,85806,715.0134562580752,1297.8058703662296,72.93194889999722,True,0.0,1297.8058703662296,30311017,2
cpp,500_10_v2.txt,6,120,120.00729480000155,0.06830800000170711,87397,728.2640621609852,1303.5684356582997,76.54933449999953,True,0.0,1303.5684356582994,40311017,3
cpp,500_10_v2.txt,6,120,120.00583950000146,0.06871400000090944,89825,748.505242530293,1303.0901170772972,96.93419780000113,True,0.0,1303.0901170772972,50311017,4
cpp,500_10_v2.txt,6,120,120.00699259999965,0.06920159999572206,90342,752.806132731971,1294.7834664908987,81.78834880000068,True,0.0,1294.7834664908987,60311017,5
cpp,500_10_v2.txt,8,120,120.00606850000077,0.06926879999991797,87631,730.2214054283384,1301.9462031459955,86.81524230000105,True,0.0,1301.9462031459955,20311017,1
cpp,500_10_v2.txt,8,120,120.00708590000431,0.06995950000418816,83898,699.108718212755,1316.2523666745935,44.54838590000145,True,0.0,1316.2523666745935,30311017,2
cpp,500_10_v2.txt,8,120,120.00662220000231,0.0703607000032207,89349,744.5339128960024,1307.1305484605089,112.50510639999993,True,0.0,1307.1305484605089,40311017,3
cpp,500_10_v2.txt,8,120,120.02001330000348,0.06837680000171531,88930,740.9597579172857,1298.0996418597058,38.47612279999885,True,0.0,1298.0996418597058,50311017,4
cpp,500_10_v2.txt,8,120,120.01553849999618,0.06818180000118446,88622,738.4210503709303,1325.2204056695894,100.7548781000005,True,0.0,1325.2204056695894,60311017,5
cpp,500_5_v2.txt,1,120,120.00160739999956,0.05021070000111649,48184,401.5279548663794,1372.312006603329,7.470533400000932,True,0.0,1372.3120066033296,20311012,1
cpp,500_5_v2.txt,1,120,120.00307549999707,0.05067359999520704,47108,392.5566057680009,1317.091489051003,91.76849129999755,True,0.0,1317.091489051003,30311012,2
cpp,500_5_v2.txt,1,120,120.00128200000472,0.048260100003972184,50399,419.98717980361255,1324.1607081253549,104.48444569999992,True,0.0,1324.1607081253549,40311012,3
cpp,500_5_v2.txt,1,120,120.00150919999578,0.04923609999968903,48710,405.9115616522739,1304.8028526191442,7.091482299998461,True,0.0,1304.8028526191442,50311012,4
cpp,500_5_v2.txt,1,120,120.00103880000097,0.052920299996912945,48395,403.2881755353572,1357.058772202548,79.14629219999915,True,0.0,1357.058772202548,60311012,5
cpp,500_5_v2.txt,2,120,120.00343169999906,0.04974529999890365,90632,755.2450685458249,1342.084772612793,85.26877499999864,True,0.0,1342.0847726127931,20311012,1
cpp,500_5_v2.txt,2,120,120.00437669999519,0.04997960000036983,88250,735.3898451605685,1345.8860612795543,37.06767679999757,True,0.0,1345.886061279554,30311012,2
cpp,500_5_v2.txt,2,120,120.00200359999872,0.050616300002729986,89983,749.8458134077435,1312.6611267595933,65.9168073999972,True,0.0,1312.6611267595933,40311012,3
cpp,500_5_v2.txt,2,120,120.00218049999967,0.04948120000335621,90502,754.1696294426938,1304.8028526191442,7.644001200002094,True,0.0,1304.8028526191442,50311012,4
cpp,500_5_v2.txt,2,120,120.00409140000556,0.04925899999943795,91234,760.2574123568238,1329.0691317294313,13.17786150000029,True,0.0,1329.0691317294313,60311012,5
cpp,500_5_v2.txt,4,120,120.00539559999925,0.05019850000098813,147658,1230.4280091886212,1316.8681722390797,14.000200399999812,True,0.0,1316.8681722390797,20311012,1
cpp,500_5_v2.txt,4,120,120.0046827000042,0.051303899999766145,144114,1200.9031377572649,1301.4003543119998,27.565018500004953,True,0.0,1301.400354312,30311012,2
cpp,500_5_v2.txt,4,120,120.00592570000299,0.04958410000108415,152227,1268.4956939588542,1332.6133635410877,64.47614250000333,True,0.0,1332.6133635410877,40311012,3
cpp,500_5_v2.txt,4,120,120.0074364999964,0.04956610000226647,145441,1211.9332288212352,1284.039104582268,24.65476209999906,True,0.0,1284.0391045822682,50311012,4
cpp,500_5_v2.txt,4,120,120.00478320000548,0.05065479999757372,151433,1261.8913676766936,1329.0691317294313,15.868210100001306,True,0.0,1329.0691317294313,60311012,5
cpp,500_5_v2.txt,6,120,120.0106483999989,0.0514244999994844,169255,1410.333185067614,1309.2336968959505,14.899009599999772,True,0.0,1309.233696895951,20311012,1
cpp,500_5_v2.txt,6,120,120.00678199999675,0.051107799998135306,161256,1343.724057195404,1323.217697263752,110.69952989999729,True,0.0,1323.217697263752,30311012,2
cpp,500_5_v2.txt,6,120,120.00924820000364,0.04895090000354685,174880,1457.221027737383,1288.0027343825277,24.400865800002066,True,0.0,1288.0027343825277,40311012,3
cpp,500_5_v2.txt,6,120,120.00631079999584,0.04894659999990836,159621,1330.1050497754784,1304.8028526191442,12.093416699994123,True,0.0,1304.8028526191442,50311012,4
cpp,500_5_v2.txt,6,120,120.00537659999827,0.0489199000003282,172496,1437.4022638582553,1268.605163402628,43.932029800002056,True,0.0,1268.605163402628,60311012,5
cpp,500_5_v2.txt,8,120,120.01605830000153,0.04938600000059523,172409,1436.5494288192083,1309.2336968959505,19.428035300001284,True,0.0,1309.233696895951,20311012,1
cpp,500_5_v2.txt,8,120,120.01739110000199,0.05138650000299094,158490,1320.5586169419523,1302.4323300531548,83.07537600000069,True,0.0,1302.4323300531548,30311012,2
cpp,500_5_v2.txt,8,120,120.01321140000073,0.049880999999004416,174534,1454.2898899545567,1305.2162625772444,34.387300999995205,True,0.0,1305.2162625772444,40311012,3
cpp,500_5_v2.txt,8,120,120.02536559999862,0.051870799994503614,175628,1463.2573633252239,1296.2160945807261,95.96513409999898,True,0.0,1296.2160945807261,50311012,4
cpp,500_5_v2.txt,8,120,120.01787579999655,0.04845239999849582,176667,1472.0057226675651,1337.2867769722575,103.67283569999563,True,0.0,1337.2867769722575,60311012,5
python,100_10_v2.txt,1,120,121.05864980000001,1.2370121000000154,9000,74.34413001358288,452.5833704601763,82.66097430000002,True,0.0,452.5833704601763,20271017,1
python,100_10_v2.txt,1,120,120.04801680000128,1.1001636999990296,9638,80.28454161018591,413.79597828449323,16.729532800000015,True,0.0,413.79597828449323,30271017,2
python,100_10_v2.txt,1,120,120.04572610000105,1.0910451999989164,9594,79.91954659017149,443.93985935555105,103.42617860000246,True,0.0,443.9398593555511,40271017,3
python,100_10_v2.txt,1,120,120.04472760000135,1.0868388000017148,9685,80.67826212469069,450.86730454979465,22.53985290000128,True,0.0,450.86730454979465,50271017,4
python,100_10_v2.txt,1,120,120.04436189999979,1.0756550000005518,9620,80.13704140485765,387.6887274212555,83.561978800004,True,0.0,387.6887274212555,60271017,5
python,100_10_v2.txt,2,120,120.12121079999997,1.5900530999999773,16597,138.16877043999963,442.1931216820242,2.04689529999996,True,0.0,442.1931216820242,20271017,1
python,100_10_v2.txt,2,120,120.05680700000084,1.4476424000004045,17784,148.1298765508554,445.9657471797069,106.846452400001,True,0.0,445.9657471797069,30271017,2
python,100_10_v2.txt,2,120,120.05809930000032,1.4226468000015302,17915,149.21942046770312,432.5071105913481,45.14276389999941,True,0.0,432.5071105913481,40271017,3
python,100_10_v2.txt,2,120,120.05518139999913,1.427781700000196,17688,147.33225000149912,445.72083155383166,60.75983859999906,True,0.0,445.72083155383166,50271017,4
python,100_10_v2.txt,2,120,120.05351440000231,1.4315765999999712,17830,148.51710163679854,432.42583839742554,86.59087720000389,True,0.0,432.42583839742554,60271017,5
python,100_10_v2.txt,4,120,122.03613630000007,2.5917997999999898,29000,237.63453087952266,425.2722019729656,9.425845999999979,True,0.0,425.27220197296555,20271017,1
python,100_10_v2.txt,4,120,120.08000019999963,2.149884899999961,31861,265.3314452609411,393.88978317998647,52.15736900000047,True,0.0,393.88978317998647,30271017,2
python,100_10_v2.txt,4,120,120.79571660000147,2.1597201000004134,32825,271.7397679645836,427.13220756862086,113.39648090000264,True,0.0,427.13220756862086,40271017,3
python,100_10_v2.txt,4,120,120.07922580000013,2.144800699999905,31393,261.4357295431527,426.57743549587565,88.88588470000104,True,0.0,426.57743549587553,50271017,4
python,100_10_v2.txt,4,120,120.25015359999816,2.129478000002564,32445,269.8125451708404,409.8492672843219,37.064565100001346,True,0.0,409.8492672843219,60271017,5
python,100_10_v2.txt,6,120,120.12042990000009,2.9023402999999917,41473,345.26183459821243,425.2722019729656,8.7859962,True,0.0,425.27220197296555,20271017,1
python,100_10_v2.txt,6,120,120.10612159999982,2.863415800000439,43786,364.56093508559405,430.1059215144151,91.53117139999995,True,0.0,430.1059215144151,30271017,2
python,100_10_v2.txt,6,120,120.11200520000057,2.8473690999999235,43552,362.5948957182158,430.6505361240832,114.74923019999915,True,0.0,430.6505361240832,40271017,3
python,100_10_v2.txt,6,120,120.10446719999891,2.8212429999985034,42422,353.2091768856403,416.29684453950495,49.055231999998796,True,0.0,416.29684453950483,50271017,4
python,100_10_v2.txt,6,120,120.10433399999602,2.9186735000039334,42936,357.489181031564,439.6183708545007,62.619597600001725,True,0.0,439.6183708545007,60271017,5
python,100_10_v2.txt,8,120,120.13714319999985,3.575463099999979,48929,407.27620698075714,401.41387757739244,51.005459599999995,True,0.0,401.41387757739244,20271017,1
python,100_10_v2.txt,8,120,123.44800709999981,3.7118774999999005,54003,437.4554216679621,427.11369630022915,111.2739373000004,True,0.0,427.11369630022915,30271017,2
python,100_10_v2.txt,8,120,125.91878720000022,3.558507000001555,52073,413.5443261321366,403.71366657402507,49.65783720000036,True,0.0,403.71366657402507,40271017,3
python,100_10_v2.txt,8,120,125.6233891999982,3.5182279000000563,52800,420.30389672053803,424.237698595124,29.01671820000047,True,0.0,424.237698595124,50271017,4
python,100_10_v2.txt,8,120,124.19227259999752,3.5401276999982656,53546,431.15403945028595,429.8684183828205,110.72198870000284,True,0.0,429.8684183828205,60271017,5
python,100_5_v2.txt,1,120,120.0611892,1.1703009999999998,9589,79.86760804131698,472.4443193692352,42.7825091,True,0.0,472.44431936923525,20271012,1
python,100_5_v2.txt,1,120,120.04445449999912,1.0711566999998468,10160,84.6353131622592,485.06817194217194,83.52732990000004,True,0.0,485.06817194217206,30271012,2
python,100_5_v2.txt,1,120,120.04013720000148,1.0676351000001887,9928,82.70567021644388,485.1603696209051,59.0472050999997,True,0.0,485.16036962090516,40271012,3
python,100_5_v2.txt,1,120,120.73944370000027,1.0550894000007247,10000,82.82297560395318,494.4421271537162,56.82929800000056,True,0.0,494.4421271537162,50271012,4
python,100_5_v2.txt,1,120,120.04545099999814,1.034186500000942,10060,83.80159278172195,484.84877244110294,41.36497429999872,True,0.0,484.84877244110305,60271012,5
python,100_5_v2.txt,2,120,121.3233307,1.4246062999999936,18000,148.3638793638889,446.30151387811696,47.00725100000001,True,0.0,446.30151387811696,20271012,1
python,100_5_v2.txt,2,120,120.05729679999968,1.3727846000001591,18026,150.14497644428096,444.91870376956035,115.53036069999871,True,0.0,444.91870376956035,30271012,2
python,100_5_v2.txt,2,120,120.0588929000005,1.3655048999971768,18985,158.13072685763473,442.38001416872464,98.04926379999961,True,0.0,442.38001416872476,40271012,3
python,100_5_v2.txt,2,120,120.05641300000207,1.3630511999981536,19164,159.62495897657436,468.9744356012511,115.68191880000086,True,0.0,468.9744356012511,50271012,4
python,100_5_v2.txt,2,120,120.05240889999914,1.3893393000034848,18751,156.19011873072157,479.38850525626384,33.35582159999831,True,0.0,479.38850525626384,60271012,5
python,100_5_v2.txt,4,120,121.51487050000003,2.249937200000005,33221,273.39040780198167,469.97845336849616,111.93224420000001,True,0.0,469.97845336849616,20271012,1
python,100_5_v2.txt,4,120,121.88599040000008,2.074233800000002,33198,272.36928453427885,464.96760691337965,93.99398939999992,True,0.0,464.9676069133796,30271012,2
python,100_5_v2.txt,4,120,121.81132999999681,2.053064699997776,32873,269.8681641518967,477.79651281620886,108.52981339999678,True,0.0,477.79651281620875,40271012,3
python,100_5_v2.txt,4,120,123.59860399999889,2.079545499997039,33000,266.9933068176102,412.1208880645085,42.19696529999783,True,0.0,412.1208880645085,50271012,4
python,100_5_v2.txt,4,120,122.60177459999977,2.0826111000023957,33000,269.16413002720157,469.5041506955412,111.69664289999855,True,0.0,469.5041506955412,60271012,5
python,100_5_v2.txt,6,120,120.13902150000001,2.8918573000000265,41111,342.1952292161793,464.1273368364591,47.64325240000005,True,0.0,464.1273368364591,20271012,1
python,100_5_v2.txt,6,120,120.88336569999956,2.7707081000007747,48124,398.1027473989349,476.93372696727903,70.43248940000012,True,0.0,476.93372696727903,30271012,2
python,100_5_v2.txt,6,120,122.87608570000157,2.785529199998564,44882,365.26228634575904,472.70759960797136,29.053915600001346,True,0.0,472.70759960797136,40271012,3
python,100_5_v2.txt,6,120,121.62017840000044,2.7725004000021727,46037,378.5309362775925,445.3206555495176,40.09318760000315,True,0.0,445.3206555495176,50271012,4
python,100_5_v2.txt,6,120,122.08645489999981,2.7732421000000613,45370,371.62189726257725,466.4825368524262,116.46552870000232,True,0.0,466.4825368524262,60271012,5
python,100_5_v2.txt,8,120,121.24529380000007,3.5329183999999714,50160,413.706779272945,478.63830973908205,44.74324270000005,True,0.0,478.63830973908205,20271012,1
python,100_5_v2.txt,8,120,120.76625330000024,3.4651775999991514,54413,450.56461149647913,449.82380457014784,46.24109380000118,True,0.0,449.8238045701479,30271012,2
python,100_5_v2.txt,8,120,121.52232749999894,3.4635955999983707,58305,479.78837469188954,427.5516769918587,105.7596343999976,True,0.0,427.5516769918587,40271012,3
python,100_5_v2.txt,8,120,122.70725579999998,3.4751477999998315,56362,459.3208415634702,450.7415756144581,106.78628560000288,True,0.0,450.7415756144581,50271012,4
python,100_5_v2.txt,8,120,122.0054072999992,3.461909099998593,55387,453.9716822862519,481.98439329089604,6.666194800000085,True,0.0,481.98439329089604,60271012,5
python,200_10_v2.txt,1,120,120.04786530000001,2.201211300000068,2558,21.308167318157217,759.9289227581079,115.04153930000007,True,0.0,759.9289227581079,20281017,1
python,200_10_v2.txt,1,120,120.06999720000022,2.1132441999998264,2650,22.070459413652717,768.9629379202278,64.30387859999973,True,0.0,768.9629379202278,30281017,2
python,200_10_v2.txt,1,120,120.0516269999971,2.1050141000014264,2513,20.932660912626037,808.8764013280187,9.260526399997616,True,0.0,808.8764013280187,40281017,3
python,200_10_v2.txt,1,120,120.07259340000019,2.0428816999992705,2651,22.078310503119322,720.6317440907795,73.37365510000018,True,0.0,720.6317440907795,50281017,4
python,200_10_v2.txt,1,120,120.04141030000028,2.048794199996337,2656,22.125698068377275,760.0622266836292,22.780386600003112,True,0.0,760.0622266836291,60281017,5
python,200_10_v2.txt,2,120,120.0804114,2.649358199999824,4912,40.90592247920963,759.9289227581079,119.33074109999984,True,0.0,759.9289227581079,20281017,1
python,200_10_v2.txt,2,120,120.07903690000057,2.460253699999157,5050,42.05563377565677,741.8120204380936,37.284881999999925,True,0.0,741.8120204380936,30281017,2
python,200_10_v2.txt,2,120,120.06194179999875,2.4397761000000173,5001,41.653499227346764,743.0107440437405,22.619327799999155,True,0.0,743.0107440437405,40281017,3
python,200_10_v2.txt,2,120,120.05365540000275,2.4173116000019945,5041,41.9895586119728,720.6317440907795,76.99130150000201,True,0.0,720.6317440907795,50281017,4
python,200_10_v2.txt,2,120,120.0894058000049,2.4030891000002157,5022,41.818842940763346,727.9036607255146,74.218143099999,True,0.0,727.9036607255147,60281017,5
python,200_10_v2.txt,4,120,120.10218110000005,3.264379700000063,8785,73.14604880227272,748.8290817071841,84.57484479999994,True,0.0,748.8290817071841,20281017,1
python,200_10_v2.txt,4,120,120.10704259999875,3.1698903999986214,9108,75.83235589550762,741.8120204380936,38.17122779999954,True,0.0,741.8120204380936,30281017,2
python,200_10_v2.txt,4,120,120.09486610000022,3.1724471999987145,9020,75.10729053554425,712.336541511705,118.614831400002,True,0.0,712.336541511705,40281017,3
python,200_10_v2.txt,4,120,120.09295440000278,3.1556596999980684,9103,75.79961743367511,720.6317440907795,83.53327890000219,True,0.0,720.6317440907795,50281017,4
python,200_10_v2.txt,4,120,120.09516680000525,3.1480397999985144,8951,74.532558124559,700.3587945586644,82.36551899999904,True,0.0,700.3587945586644,60281017,5
python,200_10_v2.txt,6,120,121.46103719999974,4.015867000000071,12258,100.92125246564275,750.8309675750334,90.42581799999971,True,0.0,750.8309675750335,20281017,1
python,200_10_v2.txt,6,120,120.12732689999939,4.121307700001125,12511,104.14782650091637,741.8120204380936,39.110034400000586,True,0.0,741.8120204380936,30281017,2
python,200_10_v2.txt,6,120,120.12470789999861,3.8734068000012485,13070,108.80359443521404,712.336541511705,70.66965889999847,True,0.0,712.336541511705,40281017,3
python,200_10_v2.txt,6,120,120.1217921000025,3.8598513000033563,12493,104.0027773611591,734.9102135990262,28.739749700001994,True,0.0,734.9102135990262,50281017,4
python,200_10_v2.txt,6,120,120.11842389999947,3.861813900002744,12539,104.38864907550669,746.8458487437823,73.71958340000128,True,0.0,746.8458487437823,60281017,5
python,200_10_v2.txt,8,120,123.79540440000028,4.786957199999961,15357,124.05145469196404,750.8309675750334,104.82351569999992,True,0.0,750.8309675750335,20281017,1
python,200_10_v2.txt,8,120,136.52448790000017,4.684628800001519,16102,117.94221130347108,741.8120204380936,42.02146989999892,True,0.0,741.8120204380936,30281017,2
python,200_10_v2.txt,8,120,134.5098504000016,4.584771199999523,16164,120.16963777695055,712.336541511705,79.19106779999856,True,0.0,712.336541511705,40281017,3
python,200_10_v2.txt,8,120,136.88773020000008,4.594780700001138,16141,117.91414742882479,723.5140566495774,47.24738829999842,True,0.0,723.5140566495774,50281017,4
python,200_10_v2.txt,8,120,137.00010040000052,4.587139900002512,16150,117.88312528857051,746.8458487437823,82.5914460999993,True,0.0,746.8458487437823,60281017,5
python,200_5_v2.txt,1,120,120.08157830000005,1.8723684000001413,2695,22.44307610004156,835.0147111999976,8.559873400000015,True,0.0,835.0147111999976,20281012,1
python,200_5_v2.txt,1,120,120.04518129999997,1.8837181999988388,2814,23.441174143988743,832.0063615101363,54.11435750000055,True,0.0,832.0063615101363,30281012,2
python,200_5_v2.txt,1,120,120.05383250000159,1.8174207000010938,2819,23.48113293259474,818.6424217779307,112.75992540000152,True,0.0,818.6424217779307,40281012,3
python,200_5_v2.txt,1,120,120.05549299999984,1.7922355999980937,2843,23.680715717022657,806.06357390332,104.31117729999823,True,0.0,806.06357390332,50281012,4
python,200_5_v2.txt,1,120,120.06302059999871,1.7933013000001665,2804,23.3544015966564,808.1429338308894,6.430856899998616,True,0.0,808.1429338308894,60281012,5
python,200_5_v2.txt,2,120,120.0873623,2.1733562999997957,5307,44.192826775078565,814.4909540396658,99.58549249999987,True,0.0,814.4909540396658,20281012,1
python,200_5_v2.txt,2,120,120.08066329999929,2.1932914999997593,5395,44.92813290447599,844.7849876212443,71.16034310000032,True,0.0,844.7849876212443,30281012,2
python,200_5_v2.txt,2,120,120.08355690000099,2.1390897999990557,5257,43.777850487704505,807.3851372580879,12.128345099998114,True,0.0,807.3851372580879,40281012,3
python,200_5_v2.txt,2,120,120.07159940000201,2.14907200000016,5342,44.49012111685014,806.06357390332,110.76093830000173,True,0.0,806.06357390332,50281012,4
python,200_5_v2.txt,2,120,120.08504550000362,2.126625699995202,5379,44.79325446064671,805.7200955986076,12.05451880000328,True,0.0,805.7200955986076,60281012,5
python,200_5_v2.txt,4,120,120.19097650000003,3.0664458999999624,9732,80.971136797445,781.4562147728482,38.029570799999874,True,0.0,781.4562147728482,20281012,1
python,200_5_v2.txt,4,120,120.09907740000017,2.878247700000429,9667,80.49187561868803,771.1985480676626,67.09091040000021,True,0.0,771.1985480676626,30281012,2
python,200_5_v2.txt,4,120,120.1072333000011,2.8390959999996994,9684,80.62794999041837,792.251605509918,30.788994999998977,True,0.0,792.2516055099181,40281012,3
python,200_5_v2.txt,4,120,120.09580989999813,2.831004199997551,9667,80.49406559687267,775.6708838220601,84.66111549999914,True,0.0,775.6708838220603,50281012,4
python,200_5_v2.txt,4,120,120.10111940000206,2.834759400000621,9645,80.30732809306217,805.7200955986076,12.157613000003039,True,0.0,805.7200955986076,60281012,5
python,200_5_v2.txt,6,120,120.16469640000014,4.443900999999869,12472,103.79088345951153,781.4562147728482,39.63764530000003,True,0.0,781.4562147728482,20281012,1
python,200_5_v2.txt,6,120,120.11715180000101,3.5788449000010587,13686,113.93876557102884,805.8382931910816,10.110588400000779,True,0.0,805.8382931910817,30281012,2
python,200_5_v2.txt,6,120,120.1176258000014,3.5665440000011586,13135,109.35114570004968,792.251605509918,30.611036300000706,True,0.0,792.2516055099181,40281012,3
python,200_5_v2.txt,6,120,120.12287479999941,3.614642200001981,13219,110.04565135499125,808.1425981111444,102.2449521999988,True,0.0,808.1425981111444,50281012,4
python,200_5_v2.txt,6,120,120.12880289999885,3.5467911999949138,13288,110.61460431817994,801.1926959237503,82.84310140000161,True,0.0,801.1926959237503,60281012,5
python,200_5_v2.txt,8,120,137.5785954999999,4.504793899999868,16000,116.29716048380514,781.4562147728482,43.83410869999989,True,0.0,781.4562147728482,20281012,1
python,200_5_v2.txt,8,120,129.871038700001,4.30458660000113,16309,125.57842120346322,786.949993212199,90.48887960000138,True,0.0,786.949993212199,30281012,2
python,200_5_v2.txt,8,120,131.97038030000112,4.24831389999963,16268,123.27008502225148,773.0505074004975,88.90726709999944,True,0.0,773.0505074004975,40281012,3
python,200_5_v2.txt,8,120,129.8980526000014,4.251831500001572,16347,125.84484272707122,731.28031150892,72.24756060000072,True,0.0,731.28031150892,50281012,4
python,200_5_v2.txt,8,120,128.63611780000065,4.275712900001963,16266,126.44971162212669,805.7200955986076,12.901063900004374,True,0.0,805.7200955986076,60281012,5
python,300_10_v2.txt,1,120,120.0680570999998,3.8920388000001367,1169,9.736144885116175,998.6213772749619,83.48655860000008,True,0.0,998.6213772749621,20291017,1
python,300_10_v2.txt,1,120,120.10295250000127,3.7887201999983517,1170,9.741642279776492,1031.6026944863731,22.784412400000292,True,0.0,1031.6026944863731,30291017,2
python,300_10_v2.txt,1,120,120.13648150000154,3.7878719000000274,1139,9.480883623181402,1020.7041294718683,23.645817000000534,True,0.0,1020.7041294718684,40291017,3
python,300_10_v2.txt,1,120,120.10499270000219,3.7447181999996246,1177,9.79975914023746,1019.0662280572307,69.73181840000325,True,0.0,1019.0662280572309,50291017,4
python,300_10_v2.txt,1,120,120.09467099999893,3.7462729000035324,1135,9.450877299959547,1006.5446738717322,47.57486909999716,True,0.0,1006.5446738717325,60291017,5
python,300_10_v2.txt,2,120,120.10473989999991,4.18058579999979,2267,18.87519178583227,948.400867204601,3.049916899999971,True,0.0,948.400867204601,20291017,1
python,300_10_v2.txt,2,120,120.12741300000016,4.216695700000855,2243,18.671841372293574,1001.5961812449846,57.102335600000515,True,0.0,1001.5961812449846,30291017,2
python,300_10_v2.txt,2,120,120.13990059999924,4.133441499998298,2241,18.653253322235678,1011.8626272564779,66.39326040000014,True,0.0,1011.8626272564777,40291017,3
python,300_10_v2.txt,2,120,120.13811850000275,4.127981400000863,2254,18.76173880648837,1003.1727397411878,47.37535910000224,True,0.0,1003.1727397411879,50291017,4
python,300_10_v2.txt,2,120,120.06067659999826,4.150684599997476,2252,18.757182316262515,1000.6181273560638,57.62498780000169,True,0.0,1000.6181273560641,60291017,5
python,300_10_v2.txt,4,120,120.09891910000033,4.944330700000137,4193,34.91288707193692,948.400867204601,3.0362497999999505,True,0.0,948.400867204601,20291017,1
python,300_10_v2.txt,4,120,120.14769329999945,4.889184200001182,4221,35.1317606194943,995.6940381928719,18.75987890000033,True,0.0,995.694038192872,30291017,2
python,300_10_v2.txt,4,120,120.15051250000033,4.890797399999428,4118,34.27367819175959,1003.01676000015,17.063445800002228,True,0.0,1003.01676000015,40291017,3
python,300_10_v2.txt,4,120,120.14324950000082,4.886916600000404,4171,34.71689019032211,945.4902193141486,67.7676449999999,True,0.0,945.4902193141487,50291017,4
python,300_10_v2.txt,4,120,120.14152599999943,4.895785100001376,4177,34.76732932458357,992.0137350577829,18.436786199999915,True,0.0,992.013735057783,60291017,5
python,300_10_v2.txt,6,120,125.23816609999994,5.709947900000316,6000,47.90871813955764,948.400867204601,3.056155199999921,True,0.0,948.400867204601,20291017,1
python,300_10_v2.txt,6,120,125.98402569999962,5.6888920000001235,6000,47.625085534951424,995.6940381928719,18.97193200000038,True,0.0,995.694038192872,30291017,2
python,300_10_v2.txt,6,120,126.07411539999885,5.682110000001558,6000,47.59105373028899,995.6745835559502,67.27244249999785,True,0.0,995.6745835559502,40291017,3
python,300_10_v2.txt,6,120,125.52283420000094,5.697770200000377,6000,47.800067917841474,945.4902193141486,67.63930020000043,True,0.0,945.4902193141487,50291017,4
python,300_10_v2.txt,6,120,125.1971007999964,5.884634499998356,6000,47.92443244820069,963.4143051523107,83.60323079999944,True,0.0,963.4143051523106,60291017,5
python,300_10_v2.txt,8,120,139.09083649999957,6.513117299999976,8000,57.516369886811525,948.400867204601,3.1790579999997135,True,0.0,948.400867204601,20291017,1
python,300_10_v2.txt,8,120,138.59503799999948,6.582424000000174,8000,57.72212422208096,995.6940381928719,20.2547713999993,True,0.0,995.694038192872,30291017,2
python,300_10_v2.txt,8,120,137.80467159999898,6.464007700000366,8000,58.05318431599571,995.5330997314925,22.516268200000923,True,0.0,995.5330997314925,40291017,3
python,300_10_v2.txt,8,120,138.69127379999918,6.48929169999974,8000,57.682071703634804,916.8731737348742,101.46172279999882,True,0.0,916.8731737348742,50291017,4
python,300_10_v2.txt,8,120,133.10356769999635,6.500516699998116,8000,60.103573016399466,963.4143051523107,80.82495329999801,True,0.0,963.4143051523106,60291017,5
python,300_5_v2.txt,1,120,126.83041240000011,3.530161700000008,1140,8.988380455664268,1065.6842731149072,62.86660579999989,True,0.0,1065.6842731149072,20291012,1
python,300_5_v2.txt,1,120,120.06433780000043,3.164326500000243,1240,10.327796102665845,1067.4276589058566,29.837267100001554,True,0.0,1067.4276589058563,30291012,2
python,300_5_v2.txt,1,120,120.10295440000118,3.167432900001586,1237,10.299496845682823,979.1954440882485,1.705219899999065,True,0.0,979.1954440882485,40291012,3
python,300_5_v2.txt,1,120,120.07381850000093,3.1278797000013583,1234,10.277011386957687,1058.5422281432136,107.89157400000113,True,0.0,1058.5422281432136,50291012,4
python,300_5_v2.txt,1,120,120.09240880000289,3.1217478000035044,1219,10.150516691109711,1017.5018808168002,1.3519360999998753,True,0.0,1017.5018808168004,60291012,5
python,300_5_v2.txt,2,120,120.12632489999987,3.92783449999979,2263,18.83850190109331,1065.6842731149072,63.696774000000005,True,0.0,1065.6842731149072,20291012,1
python,300_5_v2.txt,2,120,120.13772730000164,3.5151341000000684,2282,18.994865736901357,1054.1043150375076,56.933448200001294,True,0.0,1054.1043150375076,30291012,2
python,300_5_v2.txt,2,120,120.06480839999858,3.46693679999953,2370,19.739339374983984,979.1954440882485,1.7533356999992975,True,0.0,979.1954440882485,40291012,3
python,300_5_v2.txt,2,120,120.08751610000036,3.513045700001385,2376,19.78557036704328,1058.5422281432136,110.97729199999958,True,0.0,1058.5422281432136,50291012,4
python,300_5_v2.txt,2,120,120.12419060000684,3.4715926999997464,2384,19.84612747933774,1017.5018808168002,1.3829803000044194,True,0.0,1017.5018808168004,60291012,5
python,300_5_v2.txt,4,120,121.51598599999988,4.393851599999834,4010,32.99977337961117,1023.6702274169975,11.85955819999981,True,0.0,1023.6702274169975,20291012,1
python,300_5_v2.txt,4,120,120.10732850000022,4.233184900000197,4404,36.66720469933683,993.7685950902259,22.75453270000071,True,0.0,993.7685950902257,30291012,2
python,300_5_v2.txt,4,120,120.13897640000141,4.196991400000115,4419,36.78240095276813,979.1954440882485,1.7344558000004326,True,0.0,979.1954440882485,40291012,3
python,300_5_v2.txt,4,120,120.15487760000178,4.253227099998185,4424,36.81914615840726,1058.5422281432136,118.4266733000004,True,0.0,1058.5422281432136,50291012,4
python,300_5_v2.txt,4,120,120.13006680000399,4.20239049999509,4550,37.875613667767055,1001.3758067732721,38.21077740000328,True,0.0,1001.3758067732721,60291012,5
python,300_5_v2.txt,6,120,125.35243179999998,7.216652099999919,6017,48.00066431579193,1023.6702274169975,13.484174800000346,True,0.0,1023.6702274169975,20291012,1
python,300_5_v2.txt,6,120,121.61796649999997,4.9789571999990585,6023,49.52393279820216,993.7685950902259,22.615550700000313,True,0.0,993.7685950902257,30291012,2
python,300_5_v2.txt,6,120,120.25651959999959,4.9415603000015835,6051,50.31743825721047,979.1954440882485,1.8162427999995998,True,0.0,979.1954440882485,40291012,3
python,300_5_v2.txt,6,120,121.04475780000212,4.913748899998609,6051,49.98977328698405,1041.1552858598798,81.58534530000179,True,0.0,1041.1552858598795,50291012,4
python,300_5_v2.txt,6,120,120.3944799000019,4.951086799999757,6037,50.143494992579846,1001.3758067732721,39.67938260000665,True,0.0,1001.3758067732721,60291012,5
python,300_5_v2.txt,8,120,133.94583969999985,5.8734355000001415,8000,59.72563252369539,1023.6702274169975,11.907343299999866,True,0.0,1023.6702274169975,20291012,1
python,300_5_v2.txt,8,120,134.37624309999956,5.698579699999755,8000,59.534332970200644,993.7685950902259,23.566047099999196,True,0.0,993.7685950902257,30291012,2
python,300_5_v2.txt,8,120,134.77299730000232,5.6521073000003526,8000,59.35907162613695,968.5954216236133,80.37830290000056,True,0.0,968.5954216236133,40291012,3
python,300_5_v2.txt,8,120,134.63300940000045,5.671422399998846,8000,59.42079164428136,1018.8969699621135,14.10881910000171,True,0.0,1018.8969699621135,50291012,4
python,300_5_v2.txt,8,120,134.0501430000004,5.656639599998016,8000,59.6791605063784,1001.3758067732721,41.02850020000187,True,0.0,1001.3758067732721,60291012,5
python,400_10_v2.txt,1,120,120.08825250000064,6.502898799999457,666,5.545921321488099,1271.479732353368,104.51735259999987,True,0.0,1271.479732353368,20301017,1
python,400_10_v2.txt,1,120,120.11900260000039,6.2450203000007605,674,5.611102202075709,1167.5003076615587,37.54495590000079,True,0.0,1167.5003076615587,30301017,2
python,400_10_v2.txt,1,120,120.16406239999924,6.420484700000088,675,5.6173200748912455,1245.7286403892176,73.99556979999761,True,0.0,1245.7286403892178,40301017,3
python,400_10_v2.txt,1,120,120.12995030000093,6.2404395999983535,668,5.560644937684577,1262.0388334257723,101.38234050000028,True,0.0,1262.038833425772,50301017,4
python,400_10_v2.txt,1,120,120.2094109000027,6.234369500001776,663,5.51537516934945,1258.8817362812902,80.9091103000028,True,0.0,1258.8817362812904,60301017,5
python,400_10_v2.txt,2,120,120.22094630000083,6.846796300000278,1327,11.038009937873786,1194.330981086421,56.47025720000056,True,0.0,1194.330981086421,20301017,1
python,400_10_v2.txt,2,120,120.20655970000007,6.666969099998823,1318,10.964459870487412,1167.5003076615587,38.94119440000213,True,0.0,1167.5003076615587,30301017,2
python,400_10_v2.txt,2,120,120.16426599999977,6.6815726999993785,1329,11.059860341509534,1186.475098764337,26.331604300001345,True,0.0,1186.4750987643367,40301017,3
python,400_10_v2.txt,2,120,120.2160072000006,6.6705836000001,1271,10.572635288788677,1234.0922413555306,108.95924709999963,True,0.0,1234.0922413555306,50301017,4
python,400_10_v2.txt,2,120,120.22063150000031,6.691309099995124,1281,10.65540900939284,1186.869110445352,68.89073020000069,True,0.0,1186.8691104453517,60301017,5
python,400_10_v2.txt,4,120,120.23823489999995,8.339540599999964,2632,21.88987556403326,1194.330981086421,56.190260400000625,True,0.0,1194.330981086421,20301017,1
python,400_10_v2.txt,4,120,120.21307720000186,7.632738799999061,2656,22.094102088253997,1167.5003076615587,38.150781899999856,True,0.0,1167.5003076615587,30301017,2
python,400_10_v2.txt,4,120,120.22756310000113,7.563785900001676,2598,21.609021533931227,1186.475098764337,26.350770900000498,True,0.0,1186.4750987643367,40301017,3
python,400_10_v2.txt,4,120,120.21829240000079,7.552354400002514,2660,22.126416428786193,1205.0605372699083,75.73554270000022,True,0.0,1205.0605372699083,50301017,4
python,400_10_v2.txt,4,120,120.10362739999982,7.579824799999187,2660,22.1475408993351,1186.869110445352,67.07324559999688,True,0.0,1186.8691104453517,60301017,5
python,400_10_v2.txt,6,120,120.4055941000006,8.625775800000156,3925,32.598153178332936,1194.330981086421,56.08819440000025,True,0.0,1194.330981086421,20301017,1
python,400_10_v2.txt,6,120,120.22077999999965,8.473772200002713,3870,32.19077434034292,1148.4914563634181,94.84507309999753,True,0.0,1148.491456363418,30301017,2
python,400_10_v2.txt,6,120,120.24838269999964,8.48787590000211,3968,32.998364808776856,1186.475098764337,26.65651770000113,True,0.0,1186.4750987643367,40301017,3
python,400_10_v2.txt,6,120,120.2520306999977,8.473895200000698,3883,32.29051499086305,1198.3779762980027,23.471803000000364,True,0.0,1198.3779762980027,50301017,4
python,400_10_v2.txt,6,120,120.22435899999982,8.475343400001293,3969,33.01327645256986,1186.869110445352,68.06719619999785,True,0.0,1186.8691104453517,60301017,5
python,400_10_v2.txt,8,120,120.26757679999992,9.657118600000103,5048,41.9730748246023,1194.330981086421,58.58560599999964,True,0.0,1194.330981086421,20301017,1
python,400_10_v2.txt,8,120,120.26002350000272,9.314958900002239,4582,38.10077419450942,1148.4914563634181,103.73904930000208,True,0.0,1148.491456363418,30301017,2
python,400_10_v2.txt,8,120,120.27121289999923,9.406518200001301,5028,41.80551504191268,1186.475098764337,28.048111500000232,True,0.0,1186.4750987643367,40301017,3
python,400_10_v2.txt,8,120,120.27177999999913,9.38903399999981,5058,42.054752993595315,1198.3779762980027,24.186228700000356,True,0.0,1198.3779762980027,50301017,4
python,400_10_v2.txt,8,120,120.26003249999485,9.401310899993405,5222,43.42257266561294,1186.869110445352,68.71584659999644,True,0.0,1186.8691104453517,60301017,5
python,400_5_v2.txt,1,120,120.18707469999981,5.37813210000013,696,5.790972130216937,1213.4103395157065,25.607209299999795,True,0.0,1213.4103395157065,20301012,1
python,400_5_v2.txt,1,120,120.11254009999902,5.085905100000673,706,5.877820912056507,1243.9719273307235,56.738974800002325,True,0.0,1243.9719273307237,30301012,2
python,400_5_v2.txt,1,120,120.0780221999994,5.154620299999806,706,5.879510563757466,1239.050804698502,49.42589189999853,True,0.0,1239.0508046985017,40301012,3
python,400_5_v2.txt,1,120,120.10171640000044,5.098161699999764,696,5.795087871033935,1267.3771002987412,63.15078540000104,True,0.0,1267.3771002987412,50301012,4
python,400_5_v2.txt,1,120,120.17461419999745,5.1073741000000155,707,5.883106051194754,1308.3211869181473,23.923208699998213,True,0.0,1308.3211869181473,60301012,5
python,400_5_v2.txt,2,120,120.1481302999996,6.147017700000106,1377,11.460852504002759,1213.4103395157065,25.623994200000197,True,0.0,1213.4103395157065,20301012,1
python,400_5_v2.txt,2,120,120.17186070000025,5.45173910000085,1391,11.575089142311974,1243.9719273307235,57.75456680000207,True,0.0,1243.9719273307237,30301012,2
python,400_5_v2.txt,2,120,120.11514199999874,5.47969639999792,1379,11.480650790888749,1239.050804698502,50.712995499998215,True,0.0,1239.0508046985017,40301012,3
python,400_5_v2.txt,2,120,120.14455480000106,5.448139299998729,1396,11.619336409576405,1267.3771002987412,63.46814870000162,True,0.0,1267.3771002987412,50301012,4
python,400_5_v2.txt,2,120,120.19127799999842,5.4577045000041835,1392,11.581539219509908,1292.0744201036646,67.9771127999993,True,0.0,1292.0744201036646,60301012,5
python,400_5_v2.txt,4,120,120.22669530000076,7.0091126000006625,2753,22.898408653173576,1213.4103395157065,25.775868000000628,True,0.0,1213.4103395157065,20301012,1
python,400_5_v2.txt,4,120,120.1907504999981,6.240296399999352,2760,22.96349751139996,1201.4949306663636,84.30292559999725,True,0.0,1201.4949306663636,30301012,2
python,400_5_v2.txt,4,120,120.19756509999934,6.231962300000305,2702,22.47965670312913,1239.050804698502,50.43720030000259,True,0.0,1239.0508046985017,40301012,3
python,400_5_v2.txt,4,120,120.15480960000059,6.240777799997886,2749,22.878817828029636,1241.1922398184222,73.97219639999821,True,0.0,1241.1922398184222,50301012,4
python,400_5_v2.txt,4,120,120.2040691000002,6.24830810000276,2756,22.927676414242082,1277.8066857690492,77.63446960000147,True,0.0,1277.8066857690492,60301012,5
python,400_5_v2.txt,6,120,120.20050169999922,7.329176500000358,4174,34.72531263153644,1213.4103395157065,26.272291799999948,True,0.0,1213.4103395157065,20301012,1
python,400_5_v2.txt,6,120,120.23728589999882,6.995066499999666,4091,34.02438743837314,1201.4949306663636,85.18781239999953,True,0.0,1201.4949306663636,30301012,2
python,400_5_v2.txt,6,120,120.20978060000198,7.0038213999978325,4033,33.54968272856105,1169.973967286493,22.669601800000237,True,0.0,1169.9739672864928,40301012,3
python,400_5_v2.txt,6,120,120.21153190000041,7.0330432999980985,4112,34.20636884837823,1241.1922398184222,74.6625434000016,True,0.0,1241.1922398184222,50301012,4
python,400_5_v2.txt,6,120,120.22230959999433,7.032760500005679,4109,34.17834854172685,1189.6413407313464,28.596113999999943,True,0.0,1189.6413407313466,60301012,5
python,400_5_v2.txt,8,120,120.31004800000028,7.954625699999269,5128,42.62320633435362,1213.4103395157065,26.90796380000029,True,0.0,1213.4103395157065,20301012,1
python,400_5_v2.txt,8,120,120.21626019999894,7.790166800001316,5184,43.12228638102357,1201.4949306663636,88.6124650999991,True,0.0,1201.4949306663636,30301012,2
python,400_5_v2.txt,8,120,120.23264799999743,7.753721700002643,5187,43.141360406535426,1169.973967286493,22.923517499999434,True,0.0,1169.9739672864928,40301012,3
python,400_5_v2.txt,8,120,120.22737219999908,7.755274600000121,5192,43.18484139670849,1229.3753643474818,113.88853399999789,True,0.0,1229.3753643474818,50301012,4
python,400_5_v2.txt,8,120,120.25577170000179,7.766306199999235,5317,44.214094050006594,1189.6413407313464,29.135142400002223,True,0.0,1189.6413407313466,60301012,5
python,500_10_v2.txt,1,120,120.09018350000042,9.879647300000215,426,3.5473340749787305,1360.0492134522221,58.55342870000004,True,0.0,1360.0492134522226,20311017,1
python,500_10_v2.txt,1,120,120.16754709999805,9.411494899999525,423,3.5200851661555377,1389.697474283156,58.41454489999887,True,0.0,1389.697474283156,30311017,2
python,500_10_v2.txt,1,120,120.24068909999914,10.235827000000427,424,3.526260562656764,1459.7409597700187,14.513697899998078,True,0.0,1459.7409597700184,40311017,3
python,500_10_v2.txt,1,120,120.24168869999994,9.449000000000524,428,3.559497580476015,1426.3086305141653,28.715820299999905,True,0.0,1426.3086305141655,50311017,4
python,500_10_v2.txt,1,120,120.24799350000103,9.44196440000087,429,3.567627097245463,1392.9810968928823,24.141243300000497,True,0.0,1392.9810968928823,60311017,5
python,500_10_v2.txt,2,120,120.27329219999956,10.193548199999896,845,7.025666168635925,1360.0492134522221,58.89288359999955,True,0.0,1360.0492134522226,20311017,1
python,500_10_v2.txt,2,120,120.26766240000143,9.974317899999733,837,6.959476747924137,1389.697474283156,58.52207199999975,True,0.0,1389.697474283156,30311017,2
python,500_10_v2.txt,2,120,120.19487410000147,9.963710299998638,843,7.013610241803063,1459.7409597700187,14.480421299998852,True,0.0,1459.7409597700184,40311017,3
python,500_10_v2.txt,2,120,120.26548660000117,9.965887599999405,842,7.001177343592038,1413.6021737259732,73.2800341000002,True,0.0,1413.6021737259732,50311017,4
python,500_10_v2.txt,2,120,120.22602460000053,9.93477040000289,829,6.895345685413242,1392.9810968928823,24.567889199999627,True,0.0,1392.9810968928823,60311017,5
python,500_10_v2.txt,4,120,120.2822013999994,11.297095699999772,1688,14.033664003093383,1360.0492134522221,59.28227419999985,True,0.0,1360.0492134522226,20311017,1
python,500_10_v2.txt,4,120,120.26957689999836,11.239870299999893,1693,14.076710367142093,1389.697474283156,57.98887079999986,True,0.0,1389.697474283156,30311017,2
python,500_10_v2.txt,4,120,120.31324399999721,11.28533929999685,1679,13.955238377580766,1437.3574270024815,45.18606979999822,True,0.0,1437.3574270024815,40311017,3
python,500_10_v2.txt,4,120,120.30353009999817,11.024870200002624,1655,13.756869799450923,1413.6021737259732,72.80665919999956,True,0.0,1413.6021737259732,50311017,4
python,500_10_v2.txt,4,120,120.28339550000237,11.399530300004699,1681,13.975328789250607,1385.743539326254,98.80872710000403,True,0.0,1385.7435393262538,60311017,5
python,500_10_v2.txt,6,120,120.33456209999986,12.864283800000521,2417,20.085667474249302,1353.0076625519014,17.984777900000154,True,0.0,1353.0076625519014,20311017,1
python,500_10_v2.txt,6,120,120.32590479999999,12.44337860000087,2529,21.01791799698979,1389.697474283156,58.788945199998125,True,0.0,1389.697474283156,30311017,2
python,500_10_v2.txt,6,120,120.25484960000176,12.571926199998416,2529,21.03033689212616,1387.273825678318,45.779487400002836,True,0.0,1387.273825678318,40311017,3
python,500_10_v2.txt,6,120,120.2737191999986,12.133641500000522,2514,20.90232194299708,1413.6021737259732,72.97752609999952,True,0.0,1413.6021737259732,50311017,4
python,500_10_v2.txt,6,120,120.35330260000046,12.416392199993425,2532,21.03805998922368,1385.743539326254,97.48366030000034,True,0.0,1385.7435393262538,60311017,5
python,500_10_v2.txt,8,120,120.48101700000007,14.230834999999388,3189,26.46890007576877,1353.0076625519014,16.92282040000009,True,0.0,1353.0076625519014,20311017,1
python,500_10_v2.txt,8,120,120.39336990000083,13.665633799999341,2906,24.13754181325545,1389.697474283156,61.74362330000076,True,0.0,1389.697474283156,30311017,2
python,500_10_v2.txt,8,120,120.32070009999734,13.67127999999866,3182,26.445989737056646,1387.273825678318,47.62565439999889,True,0.0,1387.273825678318,40311017,3
python,500_10_v2.txt,8,120,120.27243889999954,13.505035899997893,3198,26.589632913813077,1349.4929779235401,104.17836800000077,True,0.0,1349.4929779235401,50311017,4
python,500_10_v2.txt,8,120,120.39367080000375,13.628400199995667,3332,27.67587347290931,1321.901001252762,62.052440500003286,True,0.0,1321.9010012527615,60311017,5
python,500_5_v2.txt,1,120,120.07104570000047,9.557682799999384,438,3.647840305266853,1425.9866150483458,52.48047210000004,True,0.0,1425.986615048346,20311012,1
python,500_5_v2.txt,1,120,120.05122269999993,7.79567329999918,441,3.67343197413349,1459.411072113701,30.26106449999861,True,0.0,1459.4110721137013,30311012,2
python,500_5_v2.txt,1,120,120.29415629999858,7.723504900000989,396,3.2919304825782687,1428.3153499377547,18.294097599999077,True,0.0,1428.3153499377547,40311012,3
python,500_5_v2.txt,1,120,120.23454130000027,7.654704600001423,444,3.692782416761289,1412.678879722482,76.33978690000004,True,0.0,1412.678879722482,50311012,4
python,500_5_v2.txt,1,120,120.27575999999681,7.668272500006424,446,3.7081453486555547,1440.3860596067211,9.493987399997422,True,0.0,1440.3860596067211,60311012,5
python,500_5_v2.txt,2,120,120.30909640000027,8.431731200000286,881,7.3228045622658176,1425.9866150483458,52.03689630000008,True,0.0,1425.986615048346,20311012,1
python,500_5_v2.txt,2,120,120.28416380000272,8.025808399997914,869,7.224558682927639,1446.6021040661155,91.48428060000151,True,0.0,1446.6021040661155,30311012,2
python,500_5_v2.txt,2,120,120.13867219999884,8.016824400001497,875,7.283250130676977,1428.3153499377547,16.482035400000314,True,0.0,1428.3153499377547,40311012,3
python,500_5_v2.txt,2,120,120.2634693,8.19144089999827,873,7.259062166436271,1412.678879722482,78.15185249999922,True,0.0,1412.678879722482,50311012,4
python,500_5_v2.txt,2,120,120.30878329999541,7.987645100001828,872,7.2480161138827945,1440.3860596067211,9.758541800001694,True,0.0,1440.3860596067211,60311012,5
python,500_5_v2.txt,4,120,120.36740169999939,9.53167140000005,1729,14.364354265196445,1425.9866150483458,52.76990889999979,True,0.0,1425.986615048346,20311012,1
python,500_5_v2.txt,4,120,120.30339490000188,8.830357200000435,1738,14.446807602101783,1405.268367775489,42.07113000000027,True,0.0,1405.2683677754887,30311012,2
python,500_5_v2.txt,4,120,120.21080890000303,8.802726899997651,1742,14.491209367446126,1422.8924808475817,66.70783530000335,True,0.0,1422.8924808475817,40311012,3
python,500_5_v2.txt,4,120,120.27786080000078,8.798355200000515,1729,14.37504781428561,1412.678879722482,77.33745210000052,True,0.0,1412.678879722482,50311012,4
python,500_5_v2.txt,4,120,120.21975720000046,8.813843000003544,1743,14.498448845644427,1424.5031021213806,104.1607126999952,True,0.0,1424.503102121381,60311012,5
python,500_5_v2.txt,6,120,120.42890210000041,10.397419399999308,2568,21.323784865759322,1425.9866150483458,53.29541100000006,True,0.0,1425.986615048346,20311012,1
python,500_5_v2.txt,6,120,120.24388089999775,9.667332100001659,2599,21.614405494459124,1405.268367775489,41.852132100000745,True,0.0,1405.2683677754887,30311012,2
python,500_5_v2.txt,6,120,120.29503060000206,9.97279189999972,2600,21.613527899131316,1420.9801544058435,21.107724900000903,True,0.0,1420.9801544058435,40311012,3
python,500_5_v2.txt,6,120,120.30114989999856,9.671802199998638,2615,21.737115581802357,1412.678879722482,78.00954139999885,True,0.0,1412.678879722482,50311012,4
python,500_5_v2.txt,6,120,120.28324920000159,9.675057799999195,2586,21.499252948347905,1424.5031021213806,105.38718420000077,True,0.0,1424.503102121381,60311012,5
python,500_5_v2.txt,8,120,120.36087790000056,10.812474800000018,3251,27.010437749557035,1425.9866150483458,55.98380690000067,True,0.0,1425.986615048346,20311012,1
python,500_5_v2.txt,8,120,120.33019219999915,10.423336200001359,3281,27.266639735326738,1405.268367775489,44.22779919999812,True,0.0,1405.2683677754887,30311012,2
python,500_5_v2.txt,8,120,120.35046729999885,10.50139720000152,3289,27.328518731892213,1420.9801544058435,21.880869599997823,True,0.0,1420.9801544058435,40311012,3
python,500_5_v2.txt,8,120,120.3249149000003,10.465798600002017,3329,27.666755490886217,1412.678879722482,80.19027989999813,True,0.0,1412.678879722482,50311012,4
python,500_5_v2.txt,8,120,120.31546589999925,10.434858000000531,3378,28.07619099283246,1398.2348380908204,29.042514499997196,True,0.0,1398.2348380908204,60311012,5
