language,instance,workers,repetitions,evals_per_s,std_evals_per_s,best_cost,std_cost,best_observed_cost,elapsed_s,std_elapsed_s,feasible_runs,feasible,complete,evals_per_s_ci95_low,evals_per_s_ci95_high,best_cost_ci95_low,best_cost_ci95_high,elapsed_s_ci95_low,elapsed_s_ci95_high,baseline_evals_per_s,throughput_speedup,parallel_efficiency
cpp,100_10_v2.txt,1,5,22657.253290058652,305.72965774225554,283.60643702047315,19.806304863519625,256.07027572940297,120.0002564200011,6.221251315592217e-05,5,True,True,22277.639780856935,23036.86679926037,259.01366133399273,308.1992127069536,120.00017917296327,120.00033366703892,22657.253290058652,1.0,1.0
cpp,100_10_v2.txt,2,5,43641.42609474399,312.35191253175617,262.83280783979023,13.639524172090683,245.3058826905106,120.00031327999913,2.2078201940902617e-05,5,True,True,43253.58997018322,44029.262219304765,245.89710172267525,279.7685139569052,120.00028586629064,120.00034069370763,22657.253290058652,1.9261569589237275,0.9630784794618638
cpp,100_10_v2.txt,4,5,84116.20037398709,469.57737034045033,264.55914090504615,39.600290272773435,215.6625814766476,120.00054642000195,7.678337793761462e-05,5,True,True,83533.14305886415,84699.25768911002,215.38888615492465,313.72939565516765,120.0004510808459,120.000641759158,22657.253290058652,3.712550647562158,0.9281376618905395
cpp,100_10_v2.txt,6,5,121761.13999207776,247.80485102029783,275.99627811152516,16.50897748842427,256.6371159319929,120.00062085999816,4.462984474301815e-05,5,True,True,121453.44962998561,122068.83035416991,255.49767511699235,296.49488110605796,120.0005654447267,120.00067627526963,22657.253290058652,5.374046819942778,0.8956744699904631
cpp,100_10_v2.txt,8,5,151430.6063536162,2161.5632073280526,244.88124275178035,30.69816208019801,208.5881281452713,120.00580660000196,0.008996819937721121,5,True,True,148746.67113923508,154114.5415679973,206.7644400857745,282.9980454177862,119.99463557258697,120.01697762741695,22657.253290058652,6.6835376916609555,0.8354422114576194
cpp,100_5_v2.txt,1,5,27202.421331272868,185.88748222638623,305.2615360957285,9.399031926442728,292.2768842810296,120.00019997999898,8.805508622367843e-06,5,True,True,26971.611536875622,27433.231125670114,293.5910965346968,316.9319756567602,120.00018904651594,120.00021091348202,27202.421331272868,1.0,1.0
cpp,100_5_v2.txt,2,5,53137.00841629492,218.69687553305798,299.4922592293865,27.077093270983163,274.23698386196264,120.00030093999995,5.272672980916999e-05,5,True,True,52865.46037942587,53408.55645316397,265.8716073388013,333.11291111997167,120.0002354711178,120.00036640888209,27202.421331272868,1.9533925957983282,0.9766962978991641
cpp,100_5_v2.txt,4,5,103950.82115767484,431.3583464513222,301.5524812541265,24.698842463437362,280.0352801929613,120.00049688000236,7.035351242365568e-05,5,True,True,103415.21902856154,104486.42328678815,270.88481776996997,332.22014473828307,120.00040952457884,120.00058423542588,27202.421331272868,3.821381188525644,0.955345297131411
cpp,100_5_v2.txt,6,5,152272.33621991117,624.5510556765232,280.3549294657202,34.924594106962466,249.76600657791744,120.00062809999963,7.362435270509173e-05,5,True,True,151496.85365903747,153047.81878078487,236.99031831122556,323.71954062021484,120.00053668329149,120.00071951670778,27202.421331272868,5.597749346116241,0.9329582243527068
cpp,100_5_v2.txt,8,5,194666.95812309574,3196.300504864019,295.20758909599925,19.008710297016965,268.84920322959056,120.00411209999947,0.004621472321262413,5,True,True,190698.22685876559,198635.6893874259,271.60515786790813,318.8100203240904,119.99837378419947,120.00985041579948,27202.421331272868,7.156236415590685,0.8945295519488357
cpp,200_10_v2.txt,1,5,6030.133001143088,215.97593382671076,576.645745385361,82.39071028835068,455.68686976575793,120.00040658000034,7.987234788900231e-05,5,True,True,5761.963459632023,6298.3025426541535,474.3441666338795,678.9473241368426,120.00030740538152,120.00050575461917,6030.133001143088,1.0,1.0
cpp,200_10_v2.txt,2,5,12111.313445204176,341.6874580473715,496.54129969039195,56.53726005778983,428.6933004722493,120.00051205999844,9.69381888660266e-05,5,True,True,11687.052429908996,12535.574460499356,426.34101931955064,566.7415800612332,120.00039169533927,120.00063242465761,6030.133001143088,2.008465392539157,1.0042326962695785
cpp,200_10_v2.txt,4,5,23525.26984459808,590.6296814348461,489.0527995539288,34.910142907903534,469.8918487902396,120.00069787999891,0.00017279358007533984,5,True,True,22791.906232889873,24258.633456306285,445.70613193303654,532.3994671748211,120.00048332843141,120.0009124315664,6030.133001143088,3.9012854011907474,0.9753213502976869
cpp,200_10_v2.txt,6,5,33437.84091886913,306.1527437889728,458.4106032246965,26.02478434156328,427.6023544148754,120.00091801999697,0.00023642296300381777,5,True,True,33057.70207895506,33817.9797587832,426.09656544676034,490.72464100263267,120.00062446211547,120.00121157787848,6030.133001143088,5.545124943766673,0.9241874906277788
cpp,200_10_v2.txt,8,5,41914.54126232741,564.2336868399318,449.9860495977984,26.538530222361317,418.5834841965867,120.00656787999978,0.010024718400007614,5,True,True,41213.95260680449,42615.12991785033,417.03411205544984,482.93798714014696,119.99412054807036,120.0190152119292,6030.133001143088,6.9508485558083,0.8688560694760376
cpp,200_5_v2.txt,1,5,7825.048393310743,131.43874266081198,600.2993596001827,68.33562124525449,561.1289420508184,120.00040729999947,9.58868357346827e-05,5,True,True,7661.845638579644,7988.2511480418425,515.4494789050619,685.1492402953035,120.00028824076763,120.0005263592313,7825.048393310743,1.0,1.0
cpp,200_5_v2.txt,2,5,15037.878565854373,67.15400306455146,505.9561764009242,26.718021472626592,471.5122687414405,120.01347331999986,0.029222997606034286,5,True,True,14954.495857913855,15121.261273794891,472.78137103512864,539.1309817667197,119.97718817595285,120.04975846404687,7825.048393310743,1.9217617336027635,0.9608808668013817
cpp,200_5_v2.txt,4,5,28593.974274576874,167.05308723017902,511.81756109844036,26.09273672198545,484.944601214943,120.00073127999948,0.00036758948614246996,5,True,True,28386.550470374368,28801.39807877938,479.4191492961417,544.215972900739,120.00027485736842,120.00118770263055,7825.048393310743,3.6541594169590677,0.9135398542397669
cpp,200_5_v2.txt,6,5,41165.67189190133,184.52223348588137,516.1045275868261,15.18550290858989,502.6204559059897,120.00090256000075,0.0004911718593153498,5,True,True,40936.557277713764,41394.786506088894,497.24923533061144,534.9598198430407,120.0002926895861,120.0015124304154,7825.048393310743,5.2607562053024335,0.876792700883739
cpp,200_5_v2.txt,8,5,51034.194996887694,572.6028918822927,514.6824827027804,29.804264732378925,480.57873116188966,120.00088967999837,7.013677334365396e-05,5,True,True,50323.21460077009,51745.1753930053,477.6756001916513,551.6893652139095,120.00080259369196,120.00097676630477,7825.048393310743,6.521901518272317,0.8152376897840397
cpp,300_10_v2.txt,1,5,1255.8817960554195,17.18414505042455,910.6940841436046,24.130530680904254,889.3439613145306,120.00078143999926,0.000249958994040533,5,True,True,1234.5448618063958,1277.2187303044432,880.7320729395744,940.6560953476348,120.00047107491532,120.00109180508319,1255.8817960554195,1.0,1.0
cpp,300_10_v2.txt,2,5,2391.2120956165154,56.92223715559904,896.3480049720274,22.045299013899484,868.6065092062324,120.00148535999797,0.00022668100301062116,5,True,True,2320.5338030431913,2461.8903881898395,868.9751508568315,923.7208590872233,120.00120389835746,120.00176682163848,1255.8817960554195,1.9040104754500289,0.9520052377250144
cpp,300_10_v2.txt,4,5,4311.356281913095,40.31006046430686,876.2436023018803,27.733008610508566,846.419453191432,120.00167834000312,0.0003731268058188666,5,True,True,4261.304731069148,4361.407832757041,841.8085239483368,910.6786806554238,120.00121504188158,120.00214163812467,1255.8817960554195,3.4329315827767948,0.8582328956941987
cpp,300_10_v2.txt,6,5,5469.694677298797,189.8402208111856,868.5469760685646,14.197459109520043,855.8279824694657,120.00217094000035,0.00045185708408445056,5,True,True,5233.976909706495,5705.412444891099,850.9185022263035,886.1754499108257,120.00160988532672,120.002731994674,1255.8817960554195,4.355262330004686,0.725877055000781
cpp,300_10_v2.txt,8,5,6156.574076422957,188.47360423647655,864.049658391478,16.89051529087047,841.7230284991392,120.0040296599971,0.001339355494564187,5,True,True,5922.553187430819,6390.5949654150945,843.077313643694,885.0220031392621,120.0023666304987,120.0056926894955,1255.8817960554195,4.90219230484911,0.6127740381061387
cpp,300_5_v2.txt,1,5,2997.480229124104,164.62185074305498,941.1565304624683,16.589063552761928,924.9230500089104,120.00065844000127,0.00010447805174476128,5,True,True,2793.0752037387792,3201.8852545094287,920.5584874850896,961.7545734398469,120.00052871336582,120.00078816663672,2997.480229124104,1.0,1.0
cpp,300_5_v2.txt,2,5,5870.372463691807,276.0745592152869,927.1439876464167,16.779911360163382,899.4784589723076,120.00260382000161,0.0036333771039833724,5,True,True,5527.580622694212,6213.164304689401,906.3089758174515,947.9789994753819,119.9980923864597,120.00711525354352,2997.480229124104,1.9584357576921176,0.9792178788460588
cpp,300_5_v2.txt,4,5,11421.605735088433,308.4722912401261,884.4775603220244,62.50348999917574,779.6108777730174,120.00231272000092,0.0005002245244669926,5,True,True,11038.586796612142,11804.624673564724,806.8692270279588,962.08589361609,120.00169160921787,120.00293383078396,2997.480229124104,3.810402358659076,0.952600589664769
cpp,300_5_v2.txt,6,5,17056.67109987041,691.1140897029065,852.963398064835,75.58709723747138,740.2453387277657,120.00253970000122,0.0013846827555336822,5,True,True,16198.539616034945,17914.802583705878,759.1096206963396,946.8171754333305,120.00082038927474,120.00425901072771,2997.480229124104,5.69033648133671,0.9483894135561184
cpp,300_5_v2.txt,8,5,20946.58689588939,1082.2699065508268,863.2828707789046,67.05199039212127,745.9227604480595,120.00779413999771,0.004050802733788596,5,True,True,19602.771316585877,22290.402475192906,780.0268283011029,946.5389132567062,120.00276440407934,120.01282387591608,2997.480229124104,6.9880650729129945,0.8735081341141243
cpp,400_10_v2.txt,1,5,506.3904424292279,1.932439417200328,1107.7609222577637,13.807205282278177,1093.0531347888873,120.00147426000004,0.0006279416831842866,5,True,True,503.99100197618037,508.78988288227544,1090.61701254295,1124.9048319725773,120.00069456741906,120.00225395258101,506.3904424292279,1.0,1.0
cpp,400_10_v2.txt,2,5,944.552946369989,2.70042834693381,1116.4922230960085,10.11173278682642,1107.713609309616,120.00174378000084,0.00039892280924387163,5,True,True,941.1999217118723,947.9059710281056,1103.9368485351495,1129.0475976568675,120.00124845191054,120.00223910809113,506.3904424292279,1.8652661409619669,0.9326330704809834
cpp,400_10_v2.txt,4,5,1391.7000150952995,29.02362371282004,1094.7659560229536,22.375756190007557,1062.806520091907,120.0031529399992,0.0005383853446409768,5,True,True,1355.6624264336779,1427.737603756921,1066.9827851292362,1122.549126916671,120.00248444629959,120.0038214336988,506.3904424292279,2.7482746483506166,0.6870686620876542
cpp,400_10_v2.txt,6,5,1447.2963173363282,40.34856761889093,1107.3266074685052,14.464929421935159,1087.1656270033689,120.00416535999975,0.0006824581764276682,5,True,True,1397.1969535448611,1497.3956811277953,1089.3660253687299,1125.2871895682806,120.0033179762518,120.0050127437477,506.3904424292279,2.858064047167714,0.47634400786128567
cpp,400_10_v2.txt,8,5,1459.4605344675424,28.058390391530192,1098.7556327017323,31.674698689793768,1047.331574166048,120.00693616000062,0.0020162583539605895,5,True,True,1424.621441270833,1494.2996276642518,1059.4262996846635,1138.0849657188012,120.00443264459143,120.00943967540981,506.3904424292279,2.882085466436333,0.36026068330454164
cpp,400_5_v2.txt,1,5,911.0306807525558,17.546101080591423,1159.7983029639379,17.15227665266219,1134.2875968470464,120.00122664000119,0.0004070140013131031,5,True,True,889.2443187319412,932.8170427731703,1138.5009385570963,1181.0956673707794,120.000721265369,120.00173201463339,911.0306807525558,1.0,1.0
cpp,400_5_v2.txt,2,5,1784.7732315710498,19.38487007297009,1156.8093969485624,9.28453590881342,1146.2771354726724,120.00191092000242,0.00034413681515409623,5,True,True,1760.7037362915853,1808.8427268505143,1145.2811229705587,1168.337670926566,120.00148361770859,120.00233822229625,911.0306807525558,1.9590703905786577,0.9795351952893289
cpp,400_5_v2.txt,4,5,3414.290517865382,61.879626421365984,1147.8655674407912,11.20563876542468,1129.5775763882025,120.00379231999905,0.0008455385691181135,5,True,True,3337.4568135156733,3491.1242222150904,1133.951929208887,1161.7792056726955,120.00274244519868,120.00484219479942,911.0306807525558,3.7477228703703056,0.9369307175925764
cpp,400_5_v2.txt,6,5,4657.068857487008,68.15603766182011,1130.9496765474291,18.002327191892615,1105.1821688916637,120.00440858000111,0.0006877067784441815,5,True,True,4572.441959262106,4741.69575571191,1108.5968349893715,1153.3025181054868,120.003554679253,120.00526248074922,911.0306807525558,5.111868300242142,0.851978050040357
cpp,400_5_v2.txt,8,5,5536.593518862084,197.2055420149962,1122.7066424351156,16.844663009873223,1104.2880270115934,120.00923846000005,0.002984881371741846,5,True,True,5291.730497095804,5781.456540628365,1101.7912308138814,1143.6220540563497,120.00553224026184,120.01294467973825,911.0306807525558,6.077285470000405,0.7596606837500506
cpp,500_10_v2.txt,1,5,289.4010876379793,2.6971342258172615,1326.0935124379498,19.414196257199983,1305.405893291329,120.00230585999925,0.001339636135978628,5,True,True,286.0521531714588,292.75002210449975,1301.9876038913224,1350.1994209845773,120.00064248203851,120.00396923795999,289.4010876379793,1.0,1.0
cpp,500_10_v2.txt,2,5,525.121368567777,4.023425885246385,1299.2240002350707,9.967829324943644,1290.9199298849471,120.00349071999844,0.0008687465709258487,5,True,True,520.1256254966255,530.1171116389286,1286.8473054220485,1311.6006950480928,120.00241202865776,120.00456941133912,289.4010876379793,1.8145106946683887,0.9072553473341943
cpp,500_10_v2.txt,4,5,735.4041630678208,6.295703060296554,1291.1096980548957,11.775969205302294,1278.3618565344182,120.00449208000063,0.001125303780543895,5,True,True,727.5870152344694,743.2213109011723,1276.4879010487157,1305.7314950610757,120.00309483080929,120.00588932919197,289.4010876379793,2.541124392689776,0.635281098172444
cpp,500_10_v2.txt,6,5,737.9539904984169,15.845412484170472,1305.1697465449001,12.532781434392227,1294.7834664908987,120.00639882000105,0.0007036784613649486,5,True,True,718.279312280134,757.6286687166998,1289.6082430404588,1320.7312500493415,120.00552508778927,120.00727255221284,289.4010876379793,2.5499350970703545,0.4249891828450591
cpp,500_10_v2.txt,8,5,730.6489689650623,18.401627062969446,1309.7298331620786,11.01253611741186,1298.0996418597058,120.01106568000141,0.006336816899943094,5,True,True,707.8003311326011,753.4976067975235,1296.0559635361697,1323.4037027879876,120.00319748259354,120.01893387740928,289.4010876379793,2.524693237777508,0.3155866547221885
cpp,500_5_v2.txt,1,5,404.6542955251248,9.93318234017378,1335.0851657202759,28.411316955336805,1304.8028526191442,120.00170257999962,0.0007982568190209113,5,True,True,392.3206206257376,416.98797042451196,1299.807856315278,1370.3624751252737,120.00071141324612,120.00269374675311,404.6542955251248,1.0,1.0
cpp,500_5_v2.txt,2,5,750.981553782731,9.470668149517362,1326.9007890001033,17.935874700498125,1304.8028526191442,120.00321677999963,0.0010842332671033982,5,True,True,739.2221661025402,762.7409414629218,1304.630459108201,1349.1711188920056,120.00187052658622,120.00456303341305,404.6542955251248,1.855859587028906,0.927929793514453
cpp,500_5_v2.txt,4,5,1234.730287480534,29.83420223705275,1312.7980252807733,20.19248037606934,1284.039104582268,120.00564474000166,0.0011201769127747888,5,True,True,1197.6862326476553,1271.7743423134125,1287.725749363372,1337.8703011981747,120.00425385665744,120.00703562334587,404.6542955251248,3.0513213405487503,0.7628303351371876
cpp,500_5_v2.txt,6,5,1395.757116726827,56.440733481618,1298.7724289128005,21.032269916012183,1268.605163402628,120.00767319999868,0.002194150338389154,5,True,True,1325.6766899304882,1465.8375435231658,1272.6574165575842,1324.8874412680168,120.00494880251685,120.0103975974805,404.6542955251248,3.4492581251745666,0.5748763541957611
cpp,500_5_v2.txt,8,5,1429.3322043417015,62.2065376276578,1310.0770322158667,15.931694581331817,1296.216094580726,120.01798043999989,0.004509357605505901,5,True,True,1352.092586116531,1506.571822566872,1290.295220623849,1329.8588438078843,120.0123813330061,120.02357954699367,404.6542955251248,3.532230400487507,0.44152880006093836
python,100_10_v2.txt,1,5,79.07270434869773,2.6578062247908907,429.77504801425414,28.250370747027215,387.6887274212555,120.2482964400007,0.4530035358946154,5,True,True,75.77260204517302,82.37280665222244,394.69757972176166,464.8525163067466,119.68581825842135,120.81077462158005,79.07270434869773,1.0,1.0
python,100_10_v2.txt,2,5,146.27348381937117,4.58164605819656,439.76252988086725,6.825635339960252,432.4258383974256,120.06896258000052,0.029258386225535442,5,True,True,140.5846188563963,151.96234878234603,431.2873842143713,448.2376755473632,120.03263349517873,120.1052916648223,79.07270434869773,1.8498606443802523,0.9249303221901262
python,100_10_v2.txt,4,5,261.19080376380805,13.763338652404336,416.5441791003541,14.551584645229791,393.88978317998647,120.64824649999989,0.8296312281464314,5,True,True,244.1013616640313,278.2802458635848,398.47600032955756,434.6123578711506,119.61812327222489,121.67836972777488,79.07270434869773,3.303172768848264,0.825793192212066
python,100_10_v2.txt,6,5,356.6232046638453,7.7484657966152595,428.3887750010939,8.516099287292397,416.29684453950495,120.10947157999908,0.006876861948329922,5,True,True,347.0022136428749,366.2441956848157,417.8146411109342,438.9629088912536,120.10093282809723,120.11801033190093,79.07270434869773,4.51006712874262,0.7516778547904367
python,100_10_v2.txt,8,5,421.946778190336,12.387671312181325,417.26947148591825,13.595570226663122,401.4138775773925,123.86391985999913,2.3177508150527126,5,True,True,406.56545270041886,437.3281036802531,400.3883414004197,434.1506015714168,120.98605211614074,126.74178760385752,79.07270434869773,5.336187520912647,0.6670234401140809
python,100_5_v2.txt,1,5,82.76663196113904,1.800995832842469,484.39275210542627,7.826371554957085,472.4443193692352,120.18613511999982,0.3094118129511994,5,True,True,80.53040027458354,85.00286364769454,474.67502830907006,494.1104759017825,119.80194961123935,120.57032062876029,82.76663196113904,1.0,1.0
python,100_5_v2.txt,2,5,154.4909320746201,4.97296890312213,456.39263453478344,16.71037941782761,442.38001416872464,120.30966846000028,0.5666594617353451,5,True,True,148.3161756234265,160.66568852581372,435.6439580153417,477.1413110542252,119.60606780712197,121.01326911287859,82.76663196113904,1.8665847384868504,0.9332923692434252
python,100_5_v2.txt,4,5,270.35705866659384,2.5606240941644858,458.87352237162685,26.539385822911147,412.1208880645085,122.28251389999912,0.8370397375748236,5,True,True,267.1776239159367,273.536493417251,425.9205224608787,491.826522282375,121.24319179278653,123.3218360072117,82.76663196113904,3.2664982525026884,0.8166245631256721
python,100_5_v2.txt,6,5,371.1426193002086,20.335898987722334,465.11437116273066,12.165438563288383,445.3206555495176,121.52102124000028,1.0585691907065773,5,True,True,345.8922656560454,396.39297294437176,450.00898407633576,480.21975824912556,120.20663398629223,122.83540849370833,82.76663196113904,4.484205899238103,0.7473676498730172
python,100_5_v2.txt,8,5,451.4704578622071,23.961975292537446,457.7479520412886,22.62470209653094,427.5516769918587,121.6493075399997,0.74249535071902,5,True,True,421.71773581561524,481.223179908799,429.6556739779409,485.8402301046363,120.72737779417821,122.57123728582118,82.76663196113904,5.454739998048773,0.6818424997560967
python,200_10_v2.txt,1,5,21.703059243186516,0.5486057760546486,763.6924465561526,31.428229955557192,720.6317440907795,120.05669863999955,0.013847182577737625,5,True,True,21.021875201852822,22.38424328452021,724.6691448930682,802.7157482192371,120.03950509191623,120.07389218808288,21.703059243186516,1.0,1.0
python,200_10_v2.txt,2,5,41.68469140698986,0.46259941701945867,738.6574184112471,15.181799088545496,720.6317440907795,120.0728902600014,0.014636943049709935,5,True,True,41.11029836528675,42.259084448692974,719.8067250550375,757.5081117674567,120.05471609477281,120.09106442522999,21.703059243186516,1.9206827452252568,0.9603413726126284
python,200_10_v2.txt,4,5,74.88357415831175,1.110357791822863,724.7936364612854,20.229249138582105,700.3587945586644,120.09844220000141,0.005949347411535845,5,True,True,73.50488286308027,76.26226545354322,699.6757060952134,749.9115668273573,120.0910551095077,120.10582929049512,21.703059243186516,3.450369522528064,0.862592380632016
python,200_10_v2.txt,6,5,104.45281996768779,2.815176937363201,737.347118373528,15.194101472471406,712.336541511705,120.39065759999994,0.5983695833458821,5,True,True,100.95731611599037,107.94832381938521,718.4811495901055,756.2130871569506,119.64768363073917,121.13363156926071,21.703059243186516,4.812815502057841,0.8021359170096402
python,200_10_v2.txt,8,5,119.59211529795621,2.6775756878998447,735.0678869836383,16.45359756526197,712.336541511705,133.74351466000053,5.651933793337134,5,True,True,116.2674659638253,122.91676463208712,714.6380472459194,755.4977267213573,126.72571194858257,140.76131737141847,21.703059243186516,5.5103805393472856,0.6887975674184107
python,200_5_v2.txt,1,5,23.28010009806082,0.4829549173945249,819.9740004444548,13.287662495364827,806.06357390332,120.05982114000003,0.013716159043895755,5,True,True,22.680432364376568,23.879767831745074,803.4751883036779,836.4728125852316,120.04279027912159,120.07685200087846,23.28010009806082,1.0,1.0
python,200_5_v2.txt,2,5,44.436437148951185,0.46503969802762807,815.6889496841852,16.650779476568655,805.7200955986076,120.08164548000119,0.006119315612013549,5,True,True,43.85901409817473,45.01386019972764,795.0142762660998,836.3636231022706,120.0740473461121,120.08924361389028,23.28010009806082,1.908773457234947,0.9543867286174735
python,200_5_v2.txt,4,5,80.57847121929726,0.24737426457700593,785.2594695542193,13.889226217444373,771.1985480676626,120.1188433000003,0.04053811660588214,5,True,True,80.27131550088986,80.88562693770466,768.0137173971108,802.5052217113279,120.06850858005578,120.16917801994481,23.28010009806082,3.4612596543779146,0.8653149135944787
python,200_5_v2.txt,6,5,109.54821008075223,3.6690348253294833,797.7762815017485,10.965799821245453,781.4562147728482,120.13023034000017,0.019836667327658798,5,True,True,104.99250162998477,114.10391853151968,784.1604426521988,811.3921203512982,120.10559986433506,120.15486081566527,23.28010009806082,4.705658894047339,0.7842764823412232
python,200_5_v2.txt,8,5,123.48804421174354,4.196783412808568,775.6914244986144,27.572770374585602,731.28031150892,131.5908369800008,3.5549576558413314,5,True,True,118.27704933980041,128.69903908368667,741.4553081937522,809.9275408034766,127.17677404360377,136.00489991639782,23.28010009806082,5.304446445315319,0.6630558056644149
python,300_10_v2.txt,1,5,9.641861445654216,0.16291567374291274,1015.3078206324333,12.884087302258111,998.621377274962,120.10143096000074,0.02451047235748151,5,True,True,9.439574918824531,9.844147972483901,999.3101132795051,1031.3055279853613,120.07099718889549,120.13186473110599,9.641861445654216,1.0,1.0
python,300_10_v2.txt,2,5,18.74384152062248,0.08823466564608859,993.1301085606631,25.397891360221397,948.400867204601,120.11416972000006,0.03302060760749595,5,True,True,18.63428371289619,18.853399328348775,961.5944612283857,1024.6657558929405,120.07316922033502,120.15517021966511,9.641861445654216,1.9440065205532189,0.9720032602766094
python,300_10_v2.txt,4,5,34.7605090796193,0.31622784310583324,976.9231239539109,27.669921535551325,945.4902193141486,120.13638008000007,0.02124093152468438,5,True,True,34.36786035160515,35.15315780763344,942.5663785500939,1011.279869357728,120.11000598003756,120.16275417996258,9.641861445654216,3.605165794545468,0.901291448636367
python,300_10_v2.txt,6,5,47.76987155416804,0.15573861925920782,969.7348026839766,24.645686512830192,945.4902193141486,125.60324843999915,0.4096994283027502,5,True,True,47.57649651750392,47.96324659083216,939.1331410299792,1000.3364643379739,125.09453940979095,126.11195747020734,9.641861445654216,4.954424187012031,0.8257373645020052
python,300_10_v2.txt,8,5,58.21546462898449,1.073302661303097,963.98309680323,33.40456833766761,916.8731737348742,137.4570775199987,2.477964503057511,5,True,True,56.882783355268145,59.54814590270084,922.5058469228107,1005.4603466836492,134.38027820772533,140.53387683227209,9.641861445654216,6.037782741134845,0.7547228426418556
python,300_5_v2.txt,1,5,10.008640296416067,0.5743561737230126,1037.6702970138053,38.509720816306505,979.1954440882485,121.4327863800011,3.017402733260041,5,True,True,9.295482913358136,10.721797679473998,989.8541630953194,1085.4864309322911,117.68618603803047,125.17938672197174,10.008640296416067,1.0,1.0
python,300_5_v2.txt,2,5,19.440880971871934,0.4831933008856273,1035.0056282401354,36.335480087173444,979.1954440882485,120.10811346000146,0.0306866826082297,5,True,True,18.84091724598901,20.040844697754856,989.8891707584423,1080.1220857218284,120.07001091098252,120.1462160090204,10.008640296416067,1.9424097975459664,0.9712048987729832
python,300_5_v2.txt,4,5,36.22882777157808,1.8698789699951408,1011.3104603023916,30.90870580757432,979.1954440882485,120.40944706000145,0.6188128488468281,5,True,True,33.90706637353678,38.550589169619386,972.932233070055,1049.6886875347282,119.64108942396244,121.17780469604047,10.008640296416067,3.619755201368466,0.9049388003421165
python,300_5_v2.txt,6,5,49.59506073015369,0.9388246033142308,1007.8330718457248,24.600838123890746,979.1954440882485,121.73323112000071,2.0951626875634983,5,True,True,48.42935601959048,50.7607654407169,977.2870968216511,1038.3790468697987,119.13174304047327,124.33471919952815,10.008640296416067,4.955224612069722,0.825870768678287
python,300_5_v2.txt,8,5,59.54379785413855,0.15869056814863164,1001.2614041732444,22.00221711388179,968.5954216236132,134.35564650000052,0.3580537984469448,5,True,True,59.3467574888139,59.74083821946321,973.9420433022747,1028.580765044214,133.91106398904884,134.8002290109522,10.008640296416067,5.949239466170068,0.7436549332712585
python,400_10_v2.txt,1,5,5.570072741097816,0.043530811272750006,1241.1258500222416,42.177863599640574,1167.5003076615587,120.14213574000078,0.04635125737008729,5,True,True,5.51602209992784,5.624123382267792,1188.7551152694189,1293.4965847750643,120.08458305245287,120.1996884275487,5.570072741097816,1.0,1.0
python,400_10_v2.txt,2,5,10.85807488961045,0.22746482094464063,1193.8535478626397,24.581993118572193,1167.5003076615587,120.20568214000032,0.023870230272457913,5,True,True,10.575640010585623,11.140509768635276,1163.330972003216,1224.3761237220635,120.17604333444217,120.23532094555847,5.570072741097816,1.9493596213737079,0.9746798106868539
python,400_10_v2.txt,4,5,21.97339130286796,0.2280658194297145,1188.0472070455155,13.738392663107545,1167.5003076615587,120.20015900000071,0.054806041508097196,5,True,True,21.690210185661243,22.256572420074676,1170.9887394825482,1205.1056746084828,120.13210831137604,120.26820968862538,5.570072741097816,3.9449020370490144,0.9862255092622536
python,400_10_v2.txt,6,5,32.618216754177126,0.3844095207618243,1182.908924591506,19.89169251679406,1148.491456363418,120.27022929999949,0.0769438264993634,5,True,True,32.14090929168041,33.095524216673844,1158.2101261300636,1207.6077230529486,120.17469092075119,120.36576767924778,5.570072741097816,5.855976801435513,0.9759961335725854
python,400_10_v2.txt,8,5,41.47133794404653,1.991971653816144,1182.908924591506,19.89169251679406,1148.491456363418,120.26612513999916,0.005794832462287693,5,True,True,38.997978456060615,43.94469743203245,1158.2101261300636,1207.6077230529486,120.25892990515511,120.27332037484321,5.570072741097816,7.445385342646866,0.9306731678308583
python,400_5_v2.txt,1,5,5.84529950565192,0.04777563508154386,1254.426271752364,35.70851033863433,1213.4103395157065,120.13079351999923,0.047569164595923016,5,True,True,5.785978219579846,5.904620791723994,1210.088300035395,1298.7642434693332,120.07172860089584,120.18985843910262,5.84529950565192,1.0,1.0
python,400_5_v2.txt,2,5,11.54349361325796,0.06887787857313245,1251.1769183894676,29.834210855941627,1213.4103395157065,120.15419315999961,0.028905348465579257,5,True,True,11.457970431161051,11.629016795354868,1214.132852854825,1288.2209839241102,120.11830242945436,120.19008389054486,5.84529950565192,1.9748335567914626,0.9874167783957313
python,400_5_v2.txt,4,5,22.829611421994876,0.19822011900268094,1234.5910000936087,29.474700615384023,1201.4949306663636,120.1947779199998,0.026107950224516775,5,True,True,22.583488636509582,23.07573420748017,1197.993325481652,1271.1886747055655,120.16236061813912,120.22719522186047,5.84529950565192,3.905635870312639,0.9764089675781598
python,400_5_v2.txt,6,5,34.13682003771514,0.42138358294080597,1203.1425636036663,26.638123888627057,1169.973967286493,120.21628193999895,0.01406543011152838,5,True,True,33.61360321334343,34.66003686208685,1170.0669641914665,1236.2181630158661,120.19881740181022,120.23374647818768,5.84529950565192,5.8400463491575865,0.973341058192931
python,400_5_v2.txt,8,5,43.25715771372554,0.581904297446488,1200.7791885094782,22.642950574412755,1169.973967286493,120.2484200199995,0.03734326071065776,5,True,True,42.53462809718618,43.9796873302649,1172.6642519681227,1228.8941250508337,120.20205223759955,120.29478780239945,5.84529950565192,7.400332125308456,0.925041515663557
python,500_10_v2.txt,1,5,3.5441608963025018,0.02059131041108728,1405.755474982489,38.23274524266815,1360.049213452222,120.19762037999972,0.06852274812560517,5,True,True,3.5185934074892162,3.5697283851157873,1358.2832516621718,1453.2276983028062,120.11253815059418,120.28270260940526,3.5441608963025018,1.0,1.0
python,500_10_v2.txt,2,5,6.9790552374736805,0.05302504400358326,1403.2141836248506,36.92498783074526,1360.049213452222,120.24546798000083,0.0339312185297048,5,True,True,6.913215949331261,7.0448945256161,1357.3657556013022,1449.062611648399,120.20333680753731,120.28759915246434,3.5441608963025018,1.9691699789235537,0.9845849894617769
python,500_10_v2.txt,4,5,13.959562267303554,0.1230510669434413,1397.2899655580172,29.36549464000246,1360.049213452222,120.2903895799991,0.017636105542442194,5,True,True,13.806774187539322,14.112350347067785,1360.8278880740806,1433.7520430419538,120.26849146267853,120.31228769731968,3.5441608963025018,3.9387495872061207,0.9846873968015302
python,500_10_v2.txt,6,5,20.814860859117204,0.4113552015749623,1385.8649351131205,21.596543890633235,1353.0076625519014,120.30846766000013,0.04206393147809059,5,True,True,20.30409591484772,21.325625803386686,1359.0492840784939,1412.6805861477471,120.25623839066088,120.36069692933938,3.5441608963025018,5.87300110467124,0.9788335174452066
python,500_10_v2.txt,8,5,26.263587602560655,1.293865465680463,1360.2745883379353,28.444017620576577,1321.901001252762,120.3722393400003,0.07961596643147026,5,True,True,24.657041435306077,27.870133769815233,1324.9566756941917,1395.5925009816788,120.27338306080014,120.47109561920047,3.5441608963025018,7.410382420832116,0.9262978026040145
python,500_5_v2.txt,1,5,3.602826105479091,0.1752511313320315,1433.355595285801,17.575180018223655,1412.678879722482,120.1853451999992,0.11563754634958454,5,True,True,3.385223085059628,3.820429125898554,1411.5331269952226,1455.1780635763794,120.0417622218563,120.3289281781421,3.602826105479091,1.0,1.0
python,500_5_v2.txt,2,5,7.267538331237899,0.03742134899600426,1430.793801676284,13.222291786418616,1412.678879722482,120.26083699999944,0.07089274351549689,5,True,True,7.221073589425342,7.314003073050457,1414.3761579913426,1447.2114453612253,120.17281203264236,120.34886196735653,3.602826105479091,2.0171771044363207,1.0085885522181604
python,500_5_v2.txt,4,5,14.43517357893488,0.06306663586899941,1418.2658891030558,8.945222481972193,1405.268367775489,120.2758447000011,0.06426745942871709,5,True,True,14.356866007688517,14.513481150181242,1407.158928391268,1429.3728498148434,120.19604610937245,120.35564329062976,3.602826105479091,4.006625120480341,1.0016562801200852
python,500_5_v2.txt,6,5,21.557617357900007,0.15544656006311694,1417.8834238147083,8.73639667550895,1405.268367775489,120.31044254000008,0.06986858748436266,5,True,True,21.364604960625016,21.750629755174998,1407.0357545887018,1428.7310930407148,120.2236892303154,120.39719584968476,3.602826105479091,5.983529797654042,0.9972549662756737
python,500_5_v2.txt,8,5,27.469708540098928,0.41193131306877884,1412.629771008596,11.2865068612554,1398.2348380908204,120.33638363999962,0.018746573187799275,5,True,True,26.95822825892862,27.981188821269235,1398.6157217734954,1426.6438202436966,120.31310669498264,120.35966058501661,3.602826105479091,7.624489147095847,0.9530611433869809
