language,workers,instances,median_evals_per_s,mean_evals_per_s,median_elapsed_s,feasible
cpp,1,10,2126.681012589762,7007.9694547309755,120.00071994000027,10
cpp,2,10,4130.792279654161,13619.464018169732,120.00182735000163,10
cpp,4,10,7866.481008500764,26269.535265134746,120.00199553000202,10
cpp,6,10,11263.182888584604,37940.14310819772,120.00235532000079,10
cpp,8,10,13551.580486156174,47530.54969348758,120.00675202000019,10
python,1,10,9.825250871035141,24.503535664168574,120.16374047,10
python,2,10,19.092361246247208,46.17184290140067,120.13418143999984,10
python,4,10,35.49466842559869,83.11969832303096,120.2380018500009,10
python,6,10,48.68246614216086,114.82593013057252,120.30945510000011,10
python,8,10,58.879631241561526,137.27184498457976,122.7566136999994,10
